f0,f1,f2,f3,f4,f5,f6,f7,f8,f9,f10,f11,f12,f13,f14,f15,f16,f17,f18,f19,f20,f21,f22,f23,f24,f25,f26,f27,f28,f29,f30,f31,f32,f33,f34,f35,f36,f37,f38,f39,f40,f41,f42,f43,f44,f45,f46,label
695.1041666666678,892.8666666666629,161.0333333333336,449.1244444444427,1171.897321428562,892.8666666666629,344.5848214285685,449.1244444444427,20.65416666666671,23.142222222222177,9.59166666666667,16.493333333333254,27.352678571428378,23.142222222222177,14.611607142857023,16.493333333333254,0.05789763881787437,0.04686723540913141,0.13301781918923544,0.08401406565976272,0.03453491344446088,0.04686723540913141,0.0845012038421572,0.08401406565976272,0.05017331074496781,0.05067446333773924,0.05360283470945232,0.05173531878587893,0.05138778764830908,0.05067446333773924,0.05263315233281896,0.05173531878587893,0.26768903956396933,0.07343017736477027,0.8372256537361998,0.5333872363800809,-0.2546107266171127,0.07343017736477027,0.6509548883322452,0.5333872363800809,0.45925245098039225,0.0777184732600971,0.4623008578431373,0.09051643968507912,0.38285845588235295,0.1015261481445721,0.5703125,unpaved
703.3375000000005,1153.4488888888843,283.2041666666672,439.3555555555534,1516.6116071428432,1153.4488888888843,782.3660714285639,439.3555555555534,21.037500000000055,27.315555555555445,12.720833333333367,16.111111111111065,32.39732142857117,27.315555555555445,21.937499999999797,16.111111111111065,0.04604747848794067,0.04232130386226967,0.09268614244720753,0.07853599478271295,0.03001421674846132,0.04232130386226967,0.0490126148091234,0.07853599478271295,0.04876958296133176,0.04978968111646223,0.04876958296133177,0.05125583375409223,0.050507627227609986,0.04978968111646223,0.05040888299391117,0.05125583375409223,0.7254238957839664,0.5316343927884408,0.8828667980236348,0.8210764344329774,0.4116430315624011,0.5316343927884408,0.6632471127789167,0.8210764344329774,0.5268075980392157,0.1467781450090728,0.5036764705882353,0.14199597894085245,0.4104779411764706,0.12129021069028818,0.7890625,unpaved
701.6583333333344,910.8666666666626,165.36666666666684,451.1199999999987,1208.5937499999902,910.8666666666626,359.45535714285387,451.1199999999987,20.150000000000052,22.866666666666582,9.608333333333352,15.973333333333272,27.950892857142613,22.866666666666582,14.535714285714173,15.973333333333272,0.06433724470051023,0.04339657185436519,0.14322005114655098,0.08917548484869893,0.03026560240437977,0.04339657185436519,0.0999325017810193,0.08917548484869893,0.0504321601537924,0.05038126243890926,0.05566828839953057,0.05351819812796545,0.05080270837830769,0.05038126243890926,0.05725783633205573,0.05351819812796545,0.16874031563561778,-0.07647446458336243,0.7981863484583949,0.4662725734500803,-0.38013820977281937,-0.07647446458336243,0.5655309707503802,0.4662725734500803,0.4333946078431373,0.06772335917028041,0.43838848039215694,0.08358691570953582,0.36672794117647056,0.09751019571169757,0.55859375,unpaved
340.3625000000007,519.7422222222194,206.59583333333347,383.8977777777756,876.0133928571373,519.7422222222194,424.64732142856866,383.8977777777756,13.587500000000013,16.57777777777773,10.937500000000007,14.751111111111076,21.602678571428424,16.57777777777773,15.808035714285603,14.751111111111076,0.08860642511472666,0.0603692786377566,0.09225124377125857,0.083556305903375,0.060584479582483045,0.0603692786377566,0.07292078723839686,0.083556305903375,0.05034602488997738,0.05173531878587892,0.04973890160963885,0.05305482838361453,0.050998480619623955,0.05173531878587892,0.05080270837830779,0.05305482838361453,0.8117716286127705,0.710305840851775,0.8806062939437324,0.7867692513839881,0.527165989176717,0.710305840851775,0.7516746336118826,0.7867692513839881,0.5461550245098039,0.1011421945022532,0.5196231617647058,0.1243350238290728,0.3794117647058824,0.11526072445580117,0.5234375,unpaved
82.13333333333345,121.15555555555483,203.23750000000032,323.20888888888743,209.91071428571314,121.15555555555483,433.9553571428545,323.20888888888743,6.775000000000024,8.284444444444423,10.395833333333336,13.19999999999997,11.24999999999996,8.284444444444423,15.455357142857032,13.19999999999997,0.17285004408418986,0.12914719192447655,0.11744513405107183,0.09705557440623971,0.08183224903919616,0.12914719192447655,0.07587059094091961,0.09705557440623971,0.057810153856298355,0.05717635702341572,0.054406520238335775,0.05524356842069328,0.05540032877674483,0.05717635702341572,0.05282214092053177,0.05524356842069328,0.8594664783253844,0.7931201129749368,0.65028617119702,0.43941958054032954,0.6392456288954796,0.7931201129749368,0.23304013356721687,0.43941958054032954,0.4818933823529412,0.062240659737546736,0.5449908088235293,0.06920572566994043,0.38152573529411765,0.07292175767982852,0.359375,unpaved
84.4583333333335,147.8311111111106,239.72083333333381,367.5733333333317,214.48214285714164,147.8311111111106,497.5312499999972,367.5733333333317,6.858333333333356,9.066666666666642,11.229166666666677,13.928888888888865,11.3571428571428,9.066666666666642,16.52232142857134,13.928888888888865,0.16653105686704783,0.1274057942165451,0.11188350281629508,0.09901206456431053,0.07482911284490333,0.1274057942165451,0.08204015427915824,0.09901206456431053,0.05559026693385969,0.05595412583117375,0.054645321035849986,0.05488484015657068,0.05412658773652736,0.05595412583117375,0.053849723579529954,0.05488484015657068,0.8590156190454111,0.7511624190765398,0.592861104813825,0.37342652897072315,0.6426284303414306,0.7511624190765398,0.1304055919189997,0.37342652897072315,0.4892310049019608,0.061865530109301556,0.553048406862745,0.07044119719124078,0.3907781862745099,0.07426849120578495,0.375,unpaved
59.24166666666676,120.58222222222194,173.61666666666687,222.7511111111105,131.5491071428564,120.58222222222194,289.7187499999986,222.7511111111105,5.958333333333357,8.084444444444424,8.766666666666687,9.666666666666634,8.7366071428571,8.084444444444424,11.736607142857078,9.666666666666634,0.16575232831096215,0.1372909476648283,0.14441113055027596,0.16168033834132528,0.10666145459256118,0.1372909476648283,0.13157891874378352,0.16168033834132528,0.06298423524096235,0.06102013430109296,0.060595998217704075,0.06142344427148971,0.06030917895583115,0.06102013430109296,0.06226038250438049,0.06142344427148971,0.793999723990347,0.5846104711184353,0.4049122446217995,0.22202120605400594,0.5351274469807986,0.5846104711184353,-0.036707522692129624,0.22202120605400594,0.5954503676470588,0.04240297629532414,0.5998621323529411,0.04834255693530523,0.4558823529411765,0.059237716652502985,0.21484375,unpaved
386.0166666666676,528.6577777777757,84.94583333333352,240.3955555555548,722.9196428571373,528.6577777777757,204.05357142856928,240.3955555555548,15.033333333333376,17.74222222222215,7.037500000000023,11.924444444444406,21.74999999999982,17.74222222222215,11.071428571428466,11.924444444444406,0.07877326018095675,0.06425528695149976,0.14841999828616093,0.09902630851337085,0.040648675879145446,0.06425528695149976,0.11150018725054792,0.09902630851337085,0.05025974200756168,0.05008634519815378,0.054724689735681877,0.05230489909306562,0.05070453880178764,0.05008634519815378,0.05263315233281899,0.05230489909306562,0.6330753285596152,0.49372868474672305,0.9229014783968644,0.7671974207057533,0.2726390718325844,0.49372868474672305,0.8128269762778223,0.7671974207057533,0.4721200980392157,0.09170432063881927,0.4558823529411765,0.09669358393086301,0.37166053921568626,0.09747782262853305,0.54296875,unpaved
310.59583333333455,528.7866666666631,171.57083333333355,212.27999999999943,743.9598214285654,528.7866666666631,463.09821428571007,212.27999999999943,12.52083333333335,15.791111111111066,9.56250000000001,11.284444444444421,19.52232142857128,15.791111111111066,15.62499999999988,11.284444444444421,0.10959676302589826,0.09673352809218362,0.11593532718354503,0.09982306301569538,0.0775152089918318,0.09673352809218362,0.09695450418479057,0.09982306301569538,0.05111601727660538,0.04988876515698572,0.05262221225131278,0.051448164012400766,0.05060617878908267,0.04988876515698572,0.050210811960722655,0.051448164012400766,0.751768253599284,0.5825766185664291,0.8679795001439273,0.8315343063593863,0.38581799533710115,0.5825766185664291,0.6473221245823667,0.8315343063593863,0.43938419117647054,0.0991513293897092,0.4662377450980392,0.10475093854040697,0.3098192401960784,0.09784017666087148,0.48828125,unpaved
176.12500000000017,370.01333333333105,217.69166666666706,141.46666666666593,417.73214285713965,370.01333333333105,479.1696428571396,141.46666666666593,9.383333333333336,12.591111111111056,10.591666666666672,8.106666666666637,14.374999999999893,12.591111111111056,15.526785714285626,8.106666666666637,0.13407873313970758,0.1166639290898207,0.13478309238187733,0.15164851802685064,0.09049213408527246,0.1166639290898207,0.09022892440771284,0.15164851802685064,0.053602834709452526,0.05434230782505524,0.054883082801331216,0.058033621587557926,0.05253840310687375,0.05434230782505524,0.05253840310687375,0.058033621587557926,0.89713809314417,0.7782928975948342,0.8692686381937128,0.9152030914229029,0.7565094976050248,0.7782928975948342,0.7055226049231502,0.9152030914229029,0.564859068627451,0.09625134792835516,0.5105698529411764,0.12573797783489732,0.38607536764705885,0.10687492618214185,0.33203125,unpaved
60.13333333333349,99.82222222222202,60.070833333333454,74.71111111111102,133.5624999999996,99.82222222222202,117.87946428571406,74.71111111111102,5.408333333333353,6.755555555555532,5.712500000000021,6.551111111111091,8.071428571428552,6.755555555555532,7.995535714285695,6.551111111111091,0.2268310331828818,0.1728270510780427,0.17924809805170852,0.14343743979641213,0.1551476341437348,0.1728270510780427,0.12205422914795463,0.14343743979641213,0.06353312784157047,0.06324555320336735,0.06468406123441682,0.05904591224705048,0.05947728836818845,0.06324555320336735,0.05888797302800402,0.05904591224705048,0.8052738117766037,0.6598726906880166,0.7981874561297534,0.749270798806762,0.5522243817123258,0.6598726906880166,0.5745510806896139,0.749270798806762,0.5012101715686275,0.052997667013926615,0.4872395833333334,0.046686831467424306,0.4321384803921569,0.05771225345458058,0.140625,paved
28.637500000000056,30.035555555555515,32.866666666666696,47.28888888888883,54.870535714285424,30.035555555555515,58.02678571428547,47.28888888888883,3.662500000000003,3.6799999999999944,4.000000000000009,4.3288888888888835,4.575892857142833,3.6799999999999944,5.044642857142828,4.3288888888888835,0.2613513543692973,0.24922862520080724,0.23759496202172734,0.2765075694545146,0.2522876630062887,0.24922862520080724,0.21782221358731516,0.2765075694545146,0.08170279812969827,0.08128596070298619,0.07905694150420953,0.08520128672302589,0.08072830946439737,0.08128596070298619,0.0840543320703688,0.08520128672302589,0.6532086118852243,0.6155209627109314,0.5936889928246548,0.40214747428534897,0.31315590256646236,0.6155209627109314,0.276257236676933,0.40214747428534897,0.4520373774509805,0.028951050883435345,0.44249387254901973,0.025135529137203554,0.37576593137254904,0.025880466331224136,0.05078125,unpaved
98.17916666666683,201.27111111111066,220.08750000000026,257.186666666666,193.12946428571288,201.27111111111066,345.75446428571183,257.186666666666,5.954166666666683,8.817777777777744,9.412500000000021,10.191111111111075,8.531249999999948,8.817777777777744,12.26339285714278,10.191111111111075,0.21425003642188623,0.1613524198905756,0.14661469973031468,0.1347404167181662,0.18430177767722045,0.1613524198905756,0.09395320607935922,0.1347404167181662,0.0688446318410762,0.06455928465037288,0.05965758776365134,0.061584028713559724,0.06329217356588245,0.06455928465037288,0.059728072144015695,0.061584028713559724,0.7713717358272033,0.48884312653319134,0.4611350113531319,0.34690276313465923,0.5212253396228501,0.48884312653319134,0.02874585598041156,0.34690276313465923,0.526593137254902,0.0559305723766034,0.5039368872549019,0.05943210319592934,0.4420036764705883,0.06747126979057484,0.2421875,unpaved
28.970833333333392,63.884444444444405,38.17916666666675,37.36444444444439,64.63839285714265,63.884444444444405,82.0624999999996,37.36444444444439,3.929166666666672,5.937777777777761,4.729166666666683,4.617777777777762,6.120535714285707,5.937777777777761,6.88392857142853,4.617777777777762,0.2654706444047328,0.18650450673752333,0.2135019809815698,0.21614732545355184,0.1732373487076599,0.18650450673752333,0.14991038966455678,0.21614732545355184,0.07046472718869906,0.06659255139454066,0.06776439986371087,0.06718318425702638,0.06659122272400116,0.06659255139454066,0.06281806821192083,0.06718318425702638,0.8652541086729103,0.696435051283577,0.8155289398035144,0.822595886216585,0.6977947130641917,0.696435051283577,0.5809127777609274,0.822595886216585,0.44600183823529416,0.05430700165859686,0.4374540441176471,0.0360346966943511,0.3713848039215687,0.03584757829233686,0.078125,unpaved
72.56250000000018,112.3822222222219,85.87916666666682,120.99999999999982,167.11160714285666,112.3822222222219,127.8616071428568,120.99999999999982,6.170833333333352,7.555555555555533,6.745833333333349,8.102222222222212,9.236607142857128,7.555555555555533,7.986607142857131,8.102222222222212,0.18478455092486318,0.16907669531650568,0.18576061598262095,0.1615103248225747,0.17161148600790097,0.16907669531650568,0.16919059271354991,0.1615103248225747,0.0682112730989372,0.06425258797689302,0.06699139662838978,0.06674069963413862,0.06407455399288965,0.06425258797689302,0.06399674636978304,0.06674069963413862,0.7244047669482475,0.5779981207273911,0.671429361387748,0.5446100734091722,0.38101509855839893,0.5779981207273911,0.5123616841775461,0.5446100734091722,0.3192095588235294,0.04332024424065799,0.3664675245098039,0.04685755304155226,0.32011335784313727,0.04411202721133713,0.234375,unpaved
400.0750000000008,1233.5466666666618,862.2333333333363,937.5822222222183,975.5535714285625,1233.5466666666618,1767.9241071428398,937.5822222222183,15.658333333333367,25.982222222222088,20.675000000000058,23.244444444444337,23.99107142857122,25.982222222222088,31.004464285714022,23.244444444444337,0.07168935607903837,0.031231847610224482,0.06421707093263325,0.05253688466698275,0.04539028712613733,0.031231847610224482,0.04397356318173719,0.05253688466698275,0.048501861361761676,0.048989794855663384,0.04805234414446161,0.04898979485566336,0.05021081196072265,0.048989794855663384,0.04869960765462326,0.04898979485566336,0.7858944852800785,0.37088165604171536,0.5487951940330104,0.5202362440098895,0.4787853232594405,0.37088165604171536,0.11034679269796936,0.5202362440098895,0.5657781862745097,0.11994960299111203,0.5431525735294117,0.11465349799260798,0.471859681372549,0.14864990781517037,0.72265625,unpaved
527.3250000000011,1013.0977777777742,678.3583333333341,731.1955555555525,1146.6562499999882,1013.0977777777742,1565.8571428571279,731.1955555555525,16.500000000000036,22.244444444444365,19.816666666666716,20.39555555555549,26.08482142857118,22.244444444444365,31.098214285714015,20.39555555555549,0.12034895023383498,0.06713694531894993,0.07085007740600695,0.06075458592838726,0.04225332743324558,0.06713694531894993,0.025505431514842268,0.06075458592838726,0.04859126579037748,0.049987652796453085,0.048232653761625915,0.04817662975261938,0.04849455576428619,0.049987652796453085,0.048185341841345326,0.04817662975261938,0.8610926758594959,0.7334964156767482,0.819162151811112,0.8047170125538096,0.70366536762985,0.7334964156767482,0.5699247288269019,0.8047170125538096,0.667141544117647,0.16707045343177662,0.6100183823529411,0.17415095056776958,0.5488357843137256,0.1845491296148258,0.7578125,damaged
130.50000000000023,273.106666666666,249.31250000000065,301.9599999999991,300.0223214285691,273.106666666666,589.3883928571377,301.9599999999991,8.066666666666691,11.995555555555505,10.395833333333353,11.773333333333294,12.83482142857133,11.995555555555505,16.977678571428438,11.773333333333294,0.1399149444490566,0.09388792301053045,0.1270582587294585,0.13083022376737927,0.09240880937775517,0.09388792301053045,0.06663810141936542,0.13083022376737927,0.05262221225131276,0.05416025603090608,0.05270462766947285,0.053147825524894825,0.05263315233281908,0.05416025603090608,0.05244348269852944,0.053147825524894825,0.9211244384544387,0.7841767788479961,0.8096557200657094,0.7706937861780772,0.8148369172155795,0.7841767788479961,0.4807778305967067,0.7706937861780772,0.5907475490196078,0.11429059478149328,0.5455729166666666,0.11362911264776382,0.4752604166666667,0.11604910002349167,0.44921875,unpaved
665.0791666666688,1279.9377777777722,932.8000000000011,1146.942222222219,1542.2455357142728,1279.9377777777722,2172.535714285694,1146.942222222219,18.39583333333338,25.262222222222164,21.28333333333341,24.613333333333202,29.602678571428335,25.262222222222164,34.74999999999969,24.613333333333202,0.05978733003858135,0.07664129958053195,0.04477362491141914,0.07629122511127581,0.06349537658151122,0.07664129958053195,0.04089520038617313,0.07629122511127581,0.048232653761626,0.049590919120936265,0.04832255626976334,0.04909049340972097,0.04971218181098188,0.049590919120936265,0.049005576785937366,0.04909049340972097,0.8685708431096459,0.7467239436098482,0.8115805671250553,0.7717785006562511,0.698851182294581,0.7467239436098482,0.5579405190046587,0.7717785006562511,0.4270067401960784,0.19147533747544718,0.4467677696078431,0.195660951064015,0.41959252450980394,0.2114022798579117,0.73046875,paved
409.93750000000114,729.8488888888868,704.6541666666676,862.0577777777755,892.6294642857056,729.8488888888868,1385.3303571428437,862.0577777777755,14.762500000000024,19.662222222222162,18.987500000000058,21.835555555555505,22.39732142857121,19.662222222222162,27.857142857142616,21.835555555555505,0.078500162170159,0.051171070347210856,0.07094714937941875,0.04670315092392776,0.06353336703074303,0.051171070347210856,0.03327062373466647,0.04670315092392776,0.04903584289974924,0.05047918529600226,0.047780603921582177,0.04978968111646224,0.04900557678593733,0.05047918529600226,0.04869960765462326,0.04978968111646224,0.8177949205993582,0.6686981247459893,0.6880125655943008,0.6075438507613453,0.6020459044914543,0.6686981247459893,0.3696531318883493,0.6075438507613453,0.4267463235294118,0.14944665461103673,0.44577205882352944,0.12408654066014077,0.3930453431372549,0.14862540970369117,0.70703125,paved
300.9583333333338,606.9111111111093,438.2500000000022,568.8133333333303,605.09821428571,606.9111111111093,751.687499999996,568.8133333333303,11.933333333333342,16.582222222222175,13.491666666666662,15.89777777777774,17.062499999999915,16.582222222222175,18.383928571428505,15.89777777777774,0.12725697390811522,0.09728714354100032,0.10716670358042141,0.10175332854492923,0.10191822416414323,0.09728714354100032,0.09547341166896942,0.10175332854492923,0.054803943491524613,0.05324066022538165,0.05384519993050035,0.05333333333333309,0.05244348269852958,0.05324066022538165,0.05319810396345039,0.05333333333333309,0.7062793912071429,0.41796927393782096,0.5955597966904184,0.45588558641156063,0.3888061945605391,0.41796927393782096,0.3173782172747366,0.45588558641156063,0.4834712009803921,0.09048340570304296,0.4844056372549019,0.08827200331661532,0.4587162990196078,0.11063477039053748,0.5390625,damaged
158.10000000000022,1176.0844444444424,1008.062500000002,907.9555555555543,370.65178571428436,1176.0844444444424,1564.04464285713,907.9555555555543,8.00833333333335,22.102222222222196,20.4791666666667,19.71555555555549,12.437499999999952,22.102222222222196,28.09821428571406,19.71555555555549,0.15744606651167475,0.10662425549584163,0.13083803914495992,0.10796536175411345,0.10419089731484997,0.10662425549584163,0.0672082495902944,0.10796536175411345,0.05613413993878111,0.05452375176171212,0.0539257462731032,0.053977590228849105,0.05566948175598174,0.05452375176171212,0.049812307152725804,0.053977590228849105,0.8903584876383119,0.20823583853742755,0.3037594243982448,0.38727460319364687,0.7433044235451377,0.20823583853742755,-0.10518797763968012,0.38727460319364687,0.5271139705882353,0.10441467286724855,0.4937499999999999,0.1019094392542314,0.44560355392156864,0.1174205709219785,0.54296875,paved
212.46666666666678,800.9555555555539,666.170833333334,575.9511111111093,570.4374999999956,800.9555555555539,1096.7321428571356,575.9511111111093,9.44166666666669,18.04888888888885,15.77083333333334,16.04888888888885,15.589285714285586,18.04888888888885,22.669642857142712,16.04888888888885,0.136695545934632,0.10130924356652626,0.09910194838743094,0.10175368119957802,0.11692023134423551,0.10130924356652626,0.06810435724957513,0.10175368119957802,0.05392574627310317,0.05183068350973573,0.050432160153792434,0.05249338582674515,0.052633152332819004,0.05183068350973573,0.05001195647858898,0.05249338582674515,0.8515706723224845,0.46836871975140115,0.5764531140513487,0.616383690868054,0.5789320068302334,0.46836871975140115,0.3416815167146777,0.616383690868054,0.5473345588235293,0.1050418066312965,0.5260263480392157,0.10622397877863904,0.4802696078431373,0.122204847588487,0.5,paved
311.47916666666714,1833.2311111111026,1433.8250000000044,1236.8755555555485,809.4464285714239,1833.2311111111026,2800.7991071428337,1236.8755555555485,11.095833333333331,29.764444444444365,25.525000000000073,23.98666666666658,17.732142857142765,29.764444444444365,38.8526785714283,23.98666666666658,0.1398767163466912,0.09154247765994684,0.09918960997190591,0.11016210164183025,0.11928189950118907,0.09154247765994684,0.050076140313284244,0.11016210164183025,0.0535218024111047,0.05135208892573906,0.053196438895015415,0.05397759022884917,0.05301045574570454,0.05135208892573906,0.04941058844013048,0.05397759022884917,0.9036376634350543,0.44764700408797414,0.5649767549378524,0.6273652020260736,0.7515893959502743,0.44764700408797414,0.17683539891913216,0.6273652020260736,0.4629901960784314,0.15332385978206334,0.4550704656862745,0.15738510745377293,0.4283854166666667,0.17007269137216385,0.62109375,paved
254.49166666666713,546.6933333333317,436.8250000000009,500.28888888888804,388.37053571428436,546.6933333333317,698.5446428571383,500.28888888888804,10.11666666666668,13.697777777777757,11.908333333333333,13.924444444444429,13.07589285714283,13.697777777777757,15.999999999999936,13.924444444444429,0.15479868036737388,0.16283501603524084,0.15557543324496426,0.14207142084243568,0.13998227477022243,0.16283501603524084,0.1297094316528254,0.14207142084243568,0.06291528696058958,0.06577177149754991,0.06508541396588878,0.06524408113734755,0.06289733394466673,0.06577177149754991,0.06368456525753151,0.06524408113734755,0.5857837147809114,0.138581594613582,0.3613683855075864,0.22010201687791672,0.3475747413949232,0.138581594613582,-0.030359076424273847,0.22010201687791672,0.5583180147058822,0.07025372900234193,0.5331188725490195,0.07009942510927741,0.49577205882352937,0.08466086394344507,0.359375,damaged
355.10833333333494,754.279999999998,521.2208333333353,480.3022222222191,792.5044642857089,754.279999999998,914.821428571423,480.3022222222191,12.316666666666672,17.675555555555494,14.62083333333334,14.08888888888885,19.254464285714146,17.675555555555494,20.303571428571328,14.08888888888885,0.13865981775971575,0.11517454995162345,0.11336507564631787,0.11551463066884127,0.05784176194927931,0.11517454995162345,0.10059828036173565,0.11551463066884127,0.051958182972249696,0.05230489909306561,0.05335936864527375,0.05286834334831229,0.05119350420169472,0.05230489909306561,0.0524434826985296,0.05286834334831229,0.7918133298119574,0.5502847033591206,0.7021323832824824,0.7184372907774039,0.5069219882841488,0.5502847033591206,0.4341137976406194,0.7184372907774039,0.5391697303921568,0.12428717475920638,0.5285386029411765,0.11164378687219433,0.47241115196078426,0.1282908984224545,0.5234375,paved
202.1041666666669,258.35111111111075,357.804166666668,548.0088888888872,444.34821428571155,258.35111111111075,837.8526785714233,548.0088888888872,9.662500000000001,11.453333333333287,12.287500000000012,15.608888888888822,14.758928571428514,11.453333333333287,19.763392857142716,15.608888888888822,0.14973154180328777,0.09594347218797059,0.11153127653134257,0.08117832121974093,0.08535955686680888,0.09594347218797059,0.0827757467790985,0.08117832121974093,0.05384519993050038,0.053425845689650045,0.05303300858899106,0.05305482838361454,0.05263315233281921,0.053425845689650045,0.0518703126724203,0.05305482838361454,0.850377256258169,0.7982466496555441,0.7287711981152062,0.5714527482976478,0.6561461449703935,0.7982466496555441,0.3452075356005014,0.5714527482976478,0.45013786764705876,0.11051263310041953,0.470327818627451,0.09802692052000464,0.4224877450980392,0.11679273586345587,0.5234375,paved
67.71666666666677,116.28444444444412,75.9041666666669,106.44888888888859,135.80357142857062,116.28444444444412,159.63392857142765,106.44888888888859,5.966666666666684,7.9377777777777485,6.787500000000015,7.835555555555534,8.392857142857093,7.9377777777777485,9.892857142857093,7.835555555555534,0.1658651947428163,0.15416417217877604,0.13932157859027358,0.12491003964655151,0.13807671028712945,0.15416417217877604,0.09856473743478875,0.12491003964655151,0.061801654059130476,0.059793884653660596,0.06009252125773309,0.0592129448643296,0.06104818897846974,0.059793884653660596,0.057777585292610095,0.0592129448643296,0.6752198241406883,0.4560010379310578,0.6381459224356137,0.5035069990498041,0.34470271355670534,0.4560010379310578,0.24780571434581633,0.5035069990498041,0.23927696078431374,0.04892143201825793,0.2770680147058823,0.03753287245744891,0.20255821078431374,0.03592677340104681,0.1875,unpaved
52.791666666666735,91.76888888888868,67.28333333333349,97.85777777777753,118.11160714285649,91.76888888888868,137.58482142857056,97.85777777777753,5.09166666666668,7.013333333333305,5.741666666666684,7.182222222222192,7.834821428571387,7.013333333333305,8.691964285714231,7.182222222222192,0.2009486931686324,0.15034226572461493,0.21231214050112007,0.14110739294321614,0.14033449362246944,0.15034226572461493,0.14728549783020478,0.14110739294321614,0.06137883276106761,0.05854195498808631,0.06102424381615332,0.059711239300197005,0.05846339666834231,0.05854195498808631,0.05846339666834227,0.059711239300197005,0.7959220654233269,0.6568617675407993,0.7483245207865157,0.6337165740172663,0.5552581621963415,0.6568617675407993,0.4721248446654275,0.6337165740172663,0.30009191176470584,0.05572187320899366,0.31761642156862746,0.041014199670635305,0.24784007352941176,0.04047075555514288,0.19140625,unpaved
173.2875000000003,435.4755555555534,270.4500000000003,332.6044444444425,452.58928571428225,435.4755555555534,730.6607142857076,332.6044444444425,9.462500000000004,15.9733333333333,11.858333333333345,13.217777777777746,16.18749999999988,15.9733333333333,20.196428571428402,13.217777777777746,0.14252540313089831,0.05709222423644295,0.11312997992047721,0.10693243930141375,0.07610019628851866,0.05709222423644295,0.0649248630627885,0.10693243930141375,0.052208183692256924,0.051352088925739094,0.05094591358598947,0.05144816401240077,0.05167784331602726,0.051352088925739094,0.04971218181098186,0.05144816401240077,0.8554287637239146,0.6053254722400805,0.7585191196545933,0.7016326927824448,0.6243013985198582,0.6053254722400805,0.3387929125218316,0.7016326927824448,0.4268535539215686,0.11699499097982304,0.36916360294117645,0.09207280494663155,0.28403799019607845,0.07168970351050938,0.61328125,unpaved
134.66250000000042,379.9999999999985,303.6125000000008,394.7911111111094,363.66964285713993,379.9999999999985,567.1116071428523,394.7911111111094,7.97916666666669,13.671111111111076,11.312500000000021,14.213333333333265,13.383928571428475,13.671111111111076,17.058035714285584,14.213333333333265,0.1253066447633279,0.09034106467326361,0.13250147076113641,0.0960388091521205,0.08040267086088118,0.09034106467326361,0.08705631963749852,0.0960388091521205,0.05303300858899096,0.052868343348312224,0.05278691441383289,0.051830683509735735,0.05244348269852944,0.052868343348312224,0.05167784331602718,0.051830683509735735,0.8781753546855926,0.6526185205115346,0.7292352147531698,0.6413818144731224,0.6677232518817284,0.6526185205115346,0.5129445880215414,0.6413818144731224,0.44347426470588236,0.10151442093876503,0.4236825980392157,0.08999191292822514,0.35373774509803924,0.09150840823199265,0.4921875,damaged
66.28333333333345,112.91999999999959,91.59583333333353,115.52444444444394,136.89732142857048,112.91999999999959,179.63392857142713,115.52444444444394,6.066666666666689,8.09333333333331,7.195833333333358,8.439999999999976,8.888392857142795,8.09333333333331,10.58928571428565,8.439999999999976,0.17251934226317164,0.1431239755716356,0.1502151582330741,0.11883836980881426,0.10903872353366101,0.1431239755716356,0.08570777803596238,0.11883836980881426,0.05551213581030924,0.055599982236429965,0.0517908453944002,0.05406900026931725,0.05375711865532226,0.055599982236429965,0.05366435392933573,0.05406900026931725,0.822991322034955,0.6904875173193284,0.7470272797288503,0.6840612573021438,0.6437701801750806,0.6904875173193284,0.46268377689051465,0.6840612573021438,0.30075061274509807,0.06525070554090952,0.3126378676470588,0.049750258520977066,0.2347579656862745,0.045305505610828384,0.21875,unpaved
110.46666666666684,218.49777777777734,174.87916666666695,272.0177777777765,277.17410714285467,218.49777777777734,330.66964285714033,272.0177777777765,7.458333333333353,10.284444444444409,8.220833333333351,11.35111111111107,12.00446428571419,10.284444444444409,12.294642857142776,11.35111111111107,0.17237862345692725,0.1314727655734975,0.16826578213953644,0.11338206530866389,0.09938593539799387,0.1314727655734975,0.10013883331454582,0.11338206530866389,0.05796011559684803,0.05769224438109819,0.05877806658194105,0.055422061837066,0.05338509260313063,0.05769224438109819,0.056115201294537495,0.055422061837066,0.7939759277232032,0.6041334644030932,0.6781680476582879,0.508581981617671,0.5029644448351082,0.6041334644030932,0.40609863133734875,0.508581981617671,0.3144454656862745,0.08059156398687765,0.30851715686274506,0.05825420851936128,0.2542126225490196,0.06173215852090473,0.33984375,damaged
62.2250000000001,115.71555555555543,78.25000000000007,100.9244444444442,141.16964285714212,115.71555555555543,186.2410714285707,100.9244444444442,5.616666666666684,7.644444444444425,6.016666666666682,7.20888888888887,8.598214285714251,7.644444444444425,9.526785714285682,7.20888888888887,0.22518795537581326,0.15516610031534922,0.21228881121946244,0.15752387071535842,0.1399557483708587,0.15516610031534922,0.1607286765063716,0.15752387071535842,0.06865523772201707,0.06409868934158186,0.06699139662838977,0.06332358599455538,0.06088473971868675,0.06409868934158186,0.0616168470617957,0.06332358599455538,0.7929792604976312,0.6203447169646256,0.7388760453764294,0.6677642569144091,0.5270238309389154,0.6203447169646256,0.38023727158895576,0.6677642569144091,0.2821844362745098,0.05517402790648148,0.30134803921568626,0.046185049523630395,0.23190870098039215,0.040577025871541564,0.2265625,unpaved
105.3333333333336,209.3688888888882,157.47083333333356,201.92888888888808,238.236607142855,209.3688888888882,325.7723214285685,201.92888888888808,7.525000000000017,11.351111111111072,9.462500000000022,11.226666666666638,11.593749999999918,11.351111111111072,13.816964285714171,11.226666666666638,0.1481447751768447,0.08620522919539274,0.13599330817049846,0.0920275412427044,0.11388429264322096,0.08620522919539274,0.07268042059476164,0.0920275412427044,0.05408647910727975,0.05183068350973577,0.0510310363079828,0.05230489909306559,0.05253840310687361,0.05183068350973577,0.051193504201694585,0.05230489909306559,0.8042159654858358,0.6064809005143258,0.7022062830320424,0.6204658728366035,0.5579083541595011,0.6064809005143258,0.3842206202426444,0.6204658728366035,0.35520833333333335,0.08656661414703024,0.3340379901960784,0.055665716987298525,0.27496936274509803,0.0560907729583954,0.41015625,unpaved
63.02083333333347,149.92888888888837,120.73750000000021,128.10666666666634,155.04464285714184,149.92888888888837,239.6428571428558,128.10666666666634,5.4541666666666835,8.311111111111085,7.420833333333356,7.786666666666646,8.383928571428521,8.311111111111085,10.464285714285667,7.786666666666646,0.19628533982823093,0.137636062692437,0.16599797138829092,0.1655361037507756,0.14050742216264542,0.137636062692437,0.13540195198793456,0.1655361037507756,0.0608818299841769,0.057777777777777484,0.06180165405913052,0.06077686369412121,0.05888797302800357,0.057777777777777484,0.0590569489076912,0.06077686369412121,0.8355491723264592,0.5287888784949959,0.6235909076037102,0.576704782425318,0.59554397129412,0.5287888784949959,0.2516768365542407,0.576704782425318,0.2701899509803922,0.0762894408047038,0.2927696078431372,0.05034826209667345,0.21410845588235297,0.04040295177602565,0.24609375,unpaved
43.020833333333385,93.21777777777758,102.37500000000011,63.12444444444437,86.74553571428542,93.21777777777758,44.40624999999988,63.12444444444437,5.370833333333346,8.284444444444427,8.641666666666685,6.608888888888879,7.906249999999984,8.284444444444427,5.32589285714285,6.608888888888879,0.15608636107622217,0.0839055027268302,0.07131116837104448,0.1284439508028764,0.09963563897412349,0.0839055027268302,0.1557426592519079,0.1284439508028764,0.06884463184107631,0.0681320431855816,0.06953466361782767,0.06842135252595839,0.06636637833624312,0.0681320431855816,0.06987712429686817,0.06842135252595839,0.3818437943216195,-0.3954757152361945,-0.5046050590329378,0.05041103762802068,-0.2691854652687739,-0.3954757152361945,0.343719234004112,0.05041103762802068,0.30508578431372546,0.024562978470295087,0.3418504901960784,0.023162007857422735,0.24908088235294118,0.022926740341225386,0.0078125,unpaved
37.98333333333336,64.32888888888884,51.62500000000006,58.97333333333326,68.60714285714268,64.32888888888884,54.906249999999865,58.97333333333326,4.658333333333341,5.982222222222213,5.316666666666675,5.62222222222221,6.178571428571421,5.982222222222213,5.540178571428561,5.62222222222221,0.19090936163522235,0.17372389984477396,0.18009989227328785,0.17859362277900329,0.17871183509216482,0.17372389984477396,0.1671550740963764,0.17859362277900329,0.07453559924999302,0.07549016778428011,0.07778397792747697,0.07483314773547885,0.07589285714285679,0.07549016778428011,0.07985957062499213,0.07483314773547885,0.49689075062122906,0.1335350779077452,0.28998626580912323,0.19737791704175142,0.08843168491339864,0.1335350779077452,0.20130424818519807,0.19737791704175142,0.3448376225490196,0.025901507012385656,0.353109681372549,0.024483475250592617,0.2638633578431372,0.02273762712432169,0.04296875,unpaved
16.133333333333358,28.22666666666661,19.883333333333365,23.146666666666615,32.12053571428561,28.22666666666661,46.40178571428542,23.146666666666615,3.1583333333333465,4.199999999999982,3.375000000000009,3.7688888888888785,4.477678571428553,4.199999999999982,5.205357142857112,3.7688888888888785,0.2734707948978993,0.2091458809117339,0.27451492202558153,0.2083348056485159,0.1999966151827491,0.2091458809117339,0.18564224601871773,0.2083348056485159,0.07046472718869899,0.0662952617341167,0.07077203229776263,0.06963750940441059,0.06644141100954092,0.0662952617341167,0.06313453403451263,0.06963750940441059,0.8900558050080649,0.8024799088212506,0.8621684306398919,0.8328053627843963,0.7692383302796448,0.8024799088212506,0.6726991367404871,0.8328053627843963,0.5697763480392155,0.027068664894484746,0.5081954656862744,0.03660909354399283,0.40361519607843144,0.0412889726389757,0.0078125,unpaved
49.11666666666669,46.0222222222222,78.36250000000007,147.5911111111107,132.23660714285603,46.0222222222222,170.71428571428424,147.5911111111107,5.3000000000000105,5.248888888888875,6.995833333333351,9.057777777777748,8.486607142857075,5.248888888888875,9.946428571428497,9.057777777777748,0.17678644594991844,0.1728677028942267,0.12849813866434454,0.13986339307381163,0.1342252591197148,0.1728677028942267,0.10945449856222939,0.13986339307381163,0.06360140634364042,0.06324555320336722,0.05899917607710934,0.059958833614364215,0.05914125580130179,0.06324555320336722,0.05829270025535905,0.059958833614364215,0.8907557489424149,0.8901763897161784,0.8178944683338734,0.6479039166648441,0.6967507662407588,0.8901763897161784,0.574957581404156,0.6479039166648441,0.35635723039215683,0.08863225862621535,0.3459865196078431,0.04976206082891559,0.2518075980392157,0.03954868526618351,0.20703125,unpaved
23.829166666666705,39.89333333333326,31.8208333333334,25.106666666666634,34.54017857142847,39.89333333333326,25.383928571428516,25.106666666666634,3.662500000000007,4.524444444444436,3.945833333333337,3.586666666666662,4.459821428571422,4.524444444444436,3.5892857142857055,3.586666666666662,0.26493548336446027,0.22039644221793803,0.25847429096817653,0.2832522460883616,0.22341832917044294,0.22039644221793803,0.2843158882802577,0.2832522460883616,0.09565200236040862,0.09527089382322643,0.09943416303151473,0.10139764041377587,0.09262720500556441,0.09527089382322643,0.09709179987023016,0.10139764041377587,0.3833960879146651,-0.02624558550776189,0.1920639884897947,0.353385944942227,0.036301453843101954,-0.02624558550776189,0.34394763382826676,0.353385944942227,0.31637561274509796,0.023901884685863333,0.35032169117647055,0.016222412005400057,0.2516544117647059,0.016431511293520176,0.00390625,unpaved
13.812500000000014,21.3422222222222,17.225000000000016,19.497777777777735,23.267857142857086,21.3422222222222,20.834821428571377,19.497777777777735,2.7458333333333376,3.4844444444444385,3.1000000000000068,3.319999999999994,3.5267857142857086,3.4844444444444385,3.477678571428565,3.319999999999994,0.32154707180160363,0.24564920828203687,0.29164252446148864,0.2900992511581915,0.27454333743931747,0.24564920828203687,0.2464728934805732,0.2900992511581915,0.0960595156949877,0.09010282192317003,0.09052317076000205,0.0945424328274782,0.09011888052761739,0.09010282192317003,0.09067007148031198,0.0945424328274782,0.6608081897171931,0.48199930194917295,0.5788665867547738,0.5272390439267884,0.4093859776925195,0.48199930194917295,0.49608485414939923,0.5272390439267884,0.3892003676470589,0.021659645430085667,0.37117034313725483,0.01748694962774401,0.26632965686274507,0.014203234436283789,0.0,unpaved
40.04583333333341,70.40444444444438,75.41250000000018,77.87111111111093,97.6919642857137,70.40444444444438,58.339285714285374,77.87111111111093,4.6875000000000195,6.271111111111091,6.395833333333347,6.7511111111110855,7.504464285714239,6.271111111111091,6.026785714285689,6.7511111111110855,0.21921305638347646,0.1754608079884983,0.1753228543260635,0.13718043463047322,0.12888414963934483,0.1754608079884983,0.14140269181427337,0.13718043463047322,0.06366961162473389,0.06463573143221757,0.060092521257733136,0.061664164113384635,0.06249999999999948,0.06463573143221757,0.0610481889784702,0.061664164113384635,0.8390952715471337,0.7057950870798584,0.7078226238702264,0.6775510953578386,0.5826608221377255,0.7057950870798584,0.7717378488695256,0.6775510953578386,0.38583026960784317,0.06323563366480031,0.3725337009803922,0.04026103379011384,0.2726868872549019,0.031768037597745616,0.06640625,unpaved
8.391666666666676,15.177777777777758,15.208333333333353,16.128888888888863,13.906249999999977,15.177777777777758,27.316964285714214,16.128888888888863,2.266666666666671,3.008888888888886,3.033333333333338,3.2044444444444347,2.9419642857142843,3.008888888888886,4.2455357142857055,3.2044444444444347,0.3448106887183771,0.285744342608412,0.2691703677898019,0.2536126428528966,0.2866782334378206,0.285744342608412,0.20164298543315373,0.2536126428528966,0.09386566938390692,0.08933222774329677,0.08483030446459312,0.08373974969518563,0.08793623037317934,0.08933222774329677,0.07602404627645677,0.08373974969518563,0.8139405977181399,0.6743581088168374,0.6962280259468421,0.6538039589792513,0.67812283837385,0.6743581088168374,0.4724820330433822,0.6538039589792513,0.48838848039215693,0.019594985635868097,0.48086703431372557,0.019007737878287558,0.3880974264705882,0.020956503823129143,0.0,unpaved
71.25833333333348,105.35999999999981,68.70000000000017,99.08888888888862,141.4687499999992,105.35999999999981,143.56696428571345,99.08888888888862,6.28333333333336,7.653333333333313,6.291666666666684,7.959999999999974,8.941964285714239,7.653333333333313,9.34374999999995,7.959999999999974,0.16860696770086386,0.14573726981688298,0.1586763397306473,0.11648270528435063,0.10599739804290713,0.14573726981688298,0.12018115483946513,0.11648270528435063,0.06284626303749312,0.06061414087549244,0.063121905864763,0.06102013430109292,0.05947728836818844,0.06061414087549244,0.05972807214401623,0.06102013430109292,0.5966109057601042,0.39951365317391957,0.6566552204524206,0.3890190597552786,0.20153660370244245,0.39951365317391957,0.2710578395943248,0.3890190597552786,0.33549325980392153,0.050467191982359855,0.35332414215686275,0.03856737280909085,0.2589001225490196,0.03494422694817212,0.171875,unpaved
27.825000000000042,35.67555555555548,39.63333333333335,34.83111111111105,39.88839285714275,35.67555555555548,42.77678571428561,34.83111111111105,4.108333333333338,4.617777777777771,5.008333333333346,4.759999999999993,4.959821428571416,4.617777777777771,5.241071428571418,4.759999999999993,0.21636125496618924,0.2023036987200588,0.17230845158648325,0.1751265121324527,0.20619006604151835,0.2023036987200588,0.1663775563684019,0.1751265121324527,0.07856128181235342,0.07793634629666747,0.0761486120104045,0.07812620369443084,0.07898127684354488,0.07793634629666747,0.07828427641406309,0.07812620369443084,0.3574268850166506,0.16329035607095435,0.08365104175447304,0.18275461967900636,0.08419839104185103,0.16329035607095435,0.013312027714466707,0.18275461967900636,0.33258272058823524,0.026877792378548197,0.34496017156862746,0.017094922493450192,0.24877450980392157,0.017512079095976716,0.0,unpaved
286.0500000000006,414.52888888888714,401.2916666666677,658.4755555555537,641.3794642857082,414.52888888888714,923.3749999999916,658.4755555555537,11.225000000000016,13.915555555555487,13.350000000000046,17.142222222222184,16.825892857142684,13.915555555555487,21.43749999999982,17.142222222222184,0.14745082012137373,0.08508651726987046,0.09058162995913743,0.09022396401768264,0.1222259774357387,0.08508651726987046,0.044271859369078105,0.09022396401768264,0.055119818980512075,0.0521157306647045,0.05043216015379242,0.05163977794943196,0.052348390176600104,0.0521157306647045,0.05109608545651548,0.05163977794943196,0.8935528391258891,0.8381118926635798,0.8411817860469444,0.7450864535624218,0.7658986316243876,0.8381118926635798,0.6297874555339567,0.7450864535624218,0.5645067401960784,0.1546338155669575,0.545343137254902,0.13656008482213322,0.49264705882352944,0.15007046915761688,0.515625,damaged
1390.4208333333356,2358.431111111107,750.8000000000009,1432.3644444444387,4180.736607142832,2358.431111111107,1633.3437499999889,1432.3644444444387,24.51250000000011,33.09777777777774,17.42500000000005,25.519999999999907,47.22767857142824,33.09777777777774,27.39732142857122,25.519999999999907,0.1273900155925633,0.10181625036701261,0.13588696672838918,0.10690652615309067,0.07039407077143278,0.10181625036701261,0.1018091548994177,0.10690652615309067,0.05303300858899118,0.054160256030906274,0.054486236794258534,0.05488484015657082,0.05119350420169481,0.054160256030906274,0.05177416743188892,0.05488484015657082,0.8131025612408891,0.680869386881358,0.8952682127529112,0.8060378125938699,0.45422426178291697,0.680869386881358,0.7727266078621067,0.8060378125938699,0.6761182598039215,0.2296865411790136,0.6710018382352941,0.23542328873005489,0.6510569852941176,0.25437361608366804,0.73828125,damaged
430.7708333333346,722.4311111111087,318.4583333333336,470.97333333333114,981.0178571428495,722.4311111111087,742.6696428571372,470.97333333333114,14.012500000000015,18.964444444444386,11.133333333333347,14.066666666666633,23.062499999999822,18.964444444444386,18.285714285714143,14.066666666666633,0.13376316042639685,0.09591703323432979,0.14558594140931147,0.15400184405178707,0.08887499608648522,0.09591703323432979,0.09705283030590389,0.15400184405178707,0.053602834709452596,0.052115730664704596,0.05728219618694809,0.05752079602464321,0.05129073791551769,0.052115730664704596,0.053385092603130804,0.05752079602464321,0.6804113811513983,0.4184648133811817,0.7392807581746015,0.6186004660914016,0.24298431512710233,0.4184648133811817,0.36466003775534006,0.6186004660914016,0.8012254901960785,0.09449697608411962,0.7854626225490197,0.10103957531330415,0.7590533088235295,0.11932149936957108,0.625,paved
308.1125000000004,357.06666666666507,281.8333333333333,573.6222222222211,707.3660714285653,357.06666666666507,751.1785714285653,573.6222222222211,11.820833333333354,13.493333333333297,10.808333333333358,15.826666666666606,17.937499999999858,13.493333333333297,18.035714285714132,15.826666666666606,0.12265049365753386,0.10053398212231646,0.12239216825733137,0.10560750018947943,0.08065886395719513,0.10053398212231646,0.1014136393209839,0.10560750018947943,0.05237418787490213,0.055332887102171734,0.05327796605226829,0.054069000269317165,0.05215768502476691,0.055332887102171734,0.05403445730763416,0.054069000269317165,0.8658749992928991,0.8300095265758984,0.8645537713584629,0.7272760454399476,0.6938841128573086,0.8300095265758984,0.60969198884695,0.7272760454399476,0.6888939950980393,0.1246382639159126,0.6712162990196078,0.13302896379796145,0.646890318627451,0.15015821451962083,0.4765625,paved
228.30833333333374,274.44888888888823,270.620833333334,460.066666666664,511.37053571428186,274.44888888888823,597.3616071428514,460.066666666664,9.575000000000012,11.008888888888857,11.504166666666688,15.399999999999961,14.924107142857025,11.008888888888857,18.593749999999837,15.399999999999961,0.1736490909704797,0.12513142636038022,0.09278410334039465,0.08239638798765749,0.09888085160471126,0.12513142636038022,0.056850470554839695,0.08239638798765749,0.05488308280133108,0.05361039147473223,0.05204164998665323,0.05258737584977411,0.05449355185595342,0.05361039147473223,0.052633152332819025,0.05258737584977411,0.7629340213806738,0.6833914943566662,0.6939053441900157,0.4888878708969175,0.47095394774450916,0.6833914943566662,0.3029541630607369,0.4888878708969175,0.595266544117647,0.09269762967244642,0.5546262254901961,0.08318640968732878,0.5203278186274509,0.09554529298551138,0.53125,paved
76.08333333333343,136.88444444444374,58.32916666666681,65.41777777777772,185.40178571428444,136.88444444444374,122.90624999999908,65.41777777777772,6.458333333333352,9.062222222222184,5.770833333333339,5.764444444444425,10.223214285714224,9.062222222222184,8.486607142857089,5.764444444444425,0.1458909938181038,0.12448610537701106,0.16122729078694553,0.1968933461386692,0.14368080913629702,0.12448610537701106,0.12931608925350493,0.1968933461386692,0.05885186204927307,0.05595412583117387,0.06045257553561209,0.060123330037638326,0.05690869992849041,0.05595412583117387,0.057257836332056014,0.060123330037638326,0.8377304178819419,0.7081186157692967,0.8775815714311095,0.8595097281805794,0.6043414781699485,0.7081186157692967,0.7410358136612502,0.8595097281805794,0.38385416666666666,0.08116945641666237,0.3806219362745098,0.054453769057705645,0.30261948529411764,0.04835441893787243,0.265625,unpaved
701.2875000000009,1228.0711111111063,726.1624999999995,946.6266666666634,1473.169642857127,1228.0711111111063,1631.45535714284,946.6266666666634,18.745833333333383,26.1155555555554,18.829166666666726,23.879999999999892,29.526785714285438,26.1155555555554,29.84821428571401,23.879999999999892,0.10864061389035633,0.05717494314613583,0.07671263469069932,0.05602736686819503,0.054452584985760444,0.05717494314613583,0.04462940897045288,0.05602736686819503,0.04868050602311635,0.04858491357572305,0.048680506023116334,0.04827902440533415,0.04839170399258614,0.04858491357572305,0.04880181051132861,0.04827902440533415,0.6816745695352987,0.4590805081208791,0.6835185249605069,0.5826724915015192,0.32282655411663774,0.4590805081208791,0.30059853832270794,0.5826724915015192,0.7362591911764707,0.12370982004282535,0.7240349264705882,0.12985009741909898,0.6955729166666667,0.15679681252491473,0.77734375,damaged
178.19166666666695,158.33333333333292,142.6958333333337,341.83999999999867,466.008928571426,158.33333333333292,375.2455357142834,341.83999999999867,8.591666666666676,8.75999999999997,7.912500000000016,11.555555555555523,13.910714285714217,8.75999999999997,12.272321428571361,11.555555555555523,0.16072491763588684,0.1481974093685638,0.16697580789736702,0.13278439638029854,0.11884808072978409,0.1481974093685638,0.14024081281688022,0.13278439638029854,0.0551985054145491,0.055865800399895436,0.057357916241400866,0.057176357023415766,0.05357142857142813,0.055865800399895436,0.05503941074079396,0.057176357023415766,0.91323753325052,0.9230792745512294,0.9302015125103167,0.833545648840853,0.7736495908474695,0.9230792745512294,0.8177299817704512,0.833545648840853,0.4691636029411764,0.16301824446185878,0.4168504901960784,0.11354718884384023,0.3431219362745098,0.09268984257422916,0.2890625,unpaved
429.8333333333343,668.7066666666655,364.29166666666805,761.3111111111084,1190.4732142857072,668.7066666666655,787.64285714285,761.3111111111084,11.941666666666672,19.58666666666661,14.241666666666676,19.773333333333255,18.883928571428452,19.58666666666661,21.517857142856997,19.773333333333255,0.15323411683120355,0.06029481433807295,0.10998554273275855,0.06893607943212764,0.12369489597072628,0.06029481433807295,0.05435759902240283,0.06893607943212764,0.053925746273103356,0.050576918563293355,0.05077524002897477,0.051448164012400835,0.05301045574570457,0.050576918563293355,0.049912231640619885,0.051448164012400835,0.9109019777735585,0.8528707714828775,0.9207058542412222,0.8304150288988743,0.7442400780544692,0.8528707714828775,0.8172033807836758,0.8304150288988743,0.6811734068627452,0.18215415844209895,0.673514093137255,0.1950599307688802,0.6231924019607844,0.2218783230300347,0.61328125,damaged
411.65000000000066,1228.5822222222187,1102.5833333333342,1455.8755555555508,1024.4732142857051,1228.5822222222187,2810.3973214285465,1455.8755555555508,13.533333333333362,27.328888888888745,25.266666666666737,30.044444444444338,22.026785714285527,27.328888888888745,41.59374999999965,30.044444444444338,0.10991600892906066,0.03130490097470059,0.03479690154551062,0.042048197936560505,0.08020576886286362,0.03130490097470059,0.02869798457372403,0.042048197936560505,0.05025974200756167,0.049090493409720985,0.04787135538781689,0.04848316495393631,0.04971218181098181,0.049090493409720985,0.04808182863512904,0.04848316495393631,0.8959854431980803,0.7052445522794257,0.736032527591794,0.6494964901284815,0.744492071952476,0.7052445522794257,0.3309418735438139,0.6494964901284815,0.5497855392156862,0.1691137812813001,0.5115502450980393,0.17756557655079036,0.4245557598039216,0.18070948366449482,0.828125,damaged
950.6666666666681,1772.3422222222152,997.8708333333363,1653.41777777777,2419.566964285696,1772.3422222222152,1817.3124999999857,1653.41777777777,20.76666666666674,30.235555555555393,20.31250000000006,30.38666666666654,35.1383928571426,30.235555555555393,29.74999999999977,30.38666666666654,0.08119128755161423,0.06938680991262312,0.0732985096695216,0.02976308901030183,0.0449567313680167,0.06938680991262312,0.05606032063429467,0.02976308901030183,0.048858497498160694,0.048888888888888746,0.049651563699220747,0.04929127336181939,0.04951132368932729,0.048888888888888746,0.04971218181098188,0.04929127336181939,0.7273014122574144,0.4629660179825176,0.7048036923851666,0.5037120693263055,0.30384722969851025,0.4629660179825176,0.4710023906611659,0.5037120693263055,0.6751531862745098,0.15159687398801724,0.6584712009803921,0.1687778864696966,0.5920036764705883,0.18543729706758233,0.82421875,damaged
283.2833333333336,643.235555555553,412.86666666666787,657.5599999999981,639.428571428566,643.235555555553,1087.1874999999932,657.5599999999981,10.008333333333344,15.191111111111082,11.000000000000009,15.55999999999996,16.2142857142856,15.191111111111082,18.96428571428562,15.55999999999996,0.17329122503602404,0.13674454300657304,0.1666154422475906,0.11902979780215348,0.1012760916573837,0.13674454300657304,0.14084672904512982,0.11902979780215348,0.054486236794258264,0.05682983045575263,0.057810153856298285,0.05613035973473339,0.05629250095052833,0.05682983045575263,0.058121502528086656,0.05613035973473339,0.8355156855310462,0.6419671914856186,0.7690428641112016,0.6374652960211227,0.6281749474543354,0.6419671914856186,0.4151817750790269,0.6374652960211227,0.5572763480392156,0.112265110082493,0.4860906862745098,0.11802111630727616,0.3830422794117647,0.11752140191042611,0.44140625,damaged
429.62916666666837,1321.9377777777704,1192.5833333333374,1635.733333333326,1003.0089285714201,1321.9377777777704,3059.8660714285525,1635.733333333326,12.762500000000026,24.222222222222122,21.700000000000088,26.728888888888758,20.624999999999858,24.222222222222122,38.57142857142835,26.728888888888758,0.1488312823905185,0.09516857652878365,0.09405883460597841,0.08038977651524702,0.08454292978376342,0.09516857652878365,0.04652898376959704,0.08038977651524702,0.05212498334665337,0.05144816401240085,0.049913118961295654,0.05221040055320308,0.0521576850247671,0.05144816401240085,0.05119350420169477,0.05221040055320308,0.9351949300219121,0.8079647261890373,0.8239851178808368,0.7625863046188612,0.8494583128999534,0.8079647261890373,0.5513419052877369,0.7625863046188612,0.5830882352941176,0.21229183326761794,0.5512254901960784,0.22877023485924647,0.4785692401960785,0.23459540400437998,0.703125,damaged
406.65416666666835,841.0977777777763,539.8000000000011,840.2133333333301,922.294642857134,841.0977777777763,998.8482142857057,840.2133333333301,13.154166666666685,20.66222222222216,15.83333333333337,21.67999999999989,20.910714285714093,20.66222222222216,22.812499999999833,21.67999999999989,0.13108803703926264,0.07608649785432332,0.08998365497111852,0.06948555354708813,0.06769760962523434,0.07608649785432332,0.05722174449709596,0.06948555354708813,0.049651563699220747,0.04939135726865066,0.04823265376162597,0.049690399499995166,0.04869960765462325,0.04939135726865066,0.049511323689327286,0.049690399499995166,0.867845692273133,0.7278997139563598,0.8295380308532058,0.7302059709753638,0.7061310151784733,0.7278997139563598,0.6607429996668367,0.7302059709753638,0.5318627450980391,0.15056243077009693,0.48394607843137255,0.15920051596024093,0.39508272058823524,0.15645445026445937,0.66796875,damaged
267.2250000000006,736.0399999999984,611.7250000000022,774.3866666666653,710.857142857138,736.0399999999984,1494.3437499999868,774.3866666666653,10.600000000000016,17.373333333333292,14.208333333333337,17.559999999999953,17.64285714285699,17.373333333333292,23.638392857142676,17.559999999999953,0.1288681553268628,0.10160959513259574,0.15072235061381065,0.08185039842183836,0.09800992510101914,0.10160959513259574,0.09694585921091188,0.08185039842183836,0.05360283470945246,0.052493385826745155,0.05480394349152453,0.05286834334831225,0.052727731299185704,0.052493385826745155,0.05206207048968964,0.05286834334831225,0.8470505436853489,0.5809230242363412,0.6510333309035815,0.5592676028808853,0.5975150538171201,0.5809230242363412,0.14699291968962866,0.5592676028808853,0.5901194852941176,0.11291385025018072,0.5157628676470587,0.11905153856850823,0.40464154411764713,0.12399353827125492,0.49609375,damaged
399.3458333333342,630.0755555555538,323.3333333333341,619.3022222222203,925.9107142857054,630.0755555555538,602.2901785714226,619.3022222222203,12.387500000000026,17.408888888888832,12.575000000000031,17.497777777777745,20.151785714285563,17.408888888888832,18.28124999999986,17.497777777777745,0.12231056002609939,0.06609192201012627,0.11589338632068032,0.09279038178156652,0.052949294685692316,0.06609192201012627,0.06574920494907413,0.09279038178156652,0.04868050602311629,0.05047918529600221,0.05043216015379246,0.05018484351393851,0.05001195647858892,0.05047918529600221,0.050606178789082634,0.05018484351393851,0.7812062148916872,0.6479467119003814,0.8214660262041565,0.6547574033776646,0.4916250781873336,0.6479467119003814,0.6472078577269653,0.6547574033776646,0.6361672794117647,0.10881312566021248,0.5582107843137255,0.12241113566641039,0.44404105392156856,0.15059582307809916,0.56640625,damaged
582.179166666668,1471.004444444439,937.0416666666686,1285.5333333333294,1413.477678571416,1471.004444444439,2158.2008928571236,1285.5333333333294,15.462500000000025,26.453333333333216,19.733333333333356,25.488888888888777,25.700892857142616,26.453333333333216,33.59374999999967,25.488888888888777,0.09616137814811539,0.054728830529479904,0.07870535076751223,0.05930172670998697,0.04539765787401194,0.054728830529479904,0.03283906928321395,0.05930172670998697,0.04885849749816071,0.04919098582484129,0.04768967975941501,0.04848316495393637,0.04890379977724651,0.04919098582484129,0.04797809209867073,0.04848316495393637,0.8528808337108993,0.6377128553002966,0.7592410907480913,0.6828721071981632,0.6558819948265713,0.6377128553002966,0.4342660201731301,0.6828721071981632,0.558655024509804,0.16238841571262128,0.5188265931372549,0.17261999985654958,0.42205882352941176,0.1922171899099709,0.7421875,damaged
732.2208333333342,1716.5066666666612,1019.2750000000009,1403.1777777777736,1650.9732142857,1716.5066666666612,2548.352678571406,1403.1777777777736,16.937500000000036,29.377777777777744,20.700000000000063,25.728888888888793,25.81249999999979,29.377777777777744,35.504464285713944,25.728888888888793,0.13520262062537372,0.03149140034696442,0.07539554672250791,0.06490370838733726,0.06960946006740147,0.03149140034696442,0.055304485707819956,0.06490370838733726,0.05017331074496781,0.0497896811164622,0.04823265376162591,0.04878777422244461,0.05011148285857908,0.0497896811164622,0.04890379977724646,0.04878777422244461,0.7945814876135793,0.5242552536477528,0.7191471568738558,0.6121985974787885,0.534014463798624,0.5242552536477528,0.29351627649428713,0.6121985974787885,0.5364889705882353,0.1525565949289708,0.49604779411764716,0.1700980364565675,0.40379901960784315,0.18441730082849428,0.66015625,damaged
520.6333333333346,1182.9111111111085,715.4791666666684,1173.7066666666638,1176.629464285704,1182.9111111111085,2032.3437499999811,1173.7066666666638,15.05000000000003,24.822222222222166,16.20416666666667,24.666666666666565,23.62053571428552,24.822222222222166,28.602678571428324,24.666666666666565,0.12175102030103761,0.06106401617304285,0.11686301043769756,0.06370206496005913,0.06116301671939379,0.06106401617304285,0.06893745543412752,0.06370206496005913,0.04947642536265793,0.04959091912093624,0.04868050602311632,0.0499876527964531,0.05090068862049664,0.04959091912093624,0.04920849929698297,0.0499876527964531,0.8628573924741735,0.7032780388066899,0.8134826872433545,0.7051946020062883,0.6986604202579476,0.7032780388066899,0.498139260842147,0.7051946020062883,0.5958180147058822,0.1527564304719066,0.5462469362745098,0.17237782340908286,0.446875,0.18956007175377626,0.6484375,damaged
174.84166666666695,569.3111111111092,497.4791666666684,665.151111111109,406.0669642857114,569.3111111111092,1299.6607142857033,665.151111111109,10.050000000000015,17.364444444444374,14.454166666666682,16.893333333333306,16.102678571428456,17.364444444444374,24.45535714285692,16.893333333333306,0.11481787943380203,0.07936203590509065,0.09997160803299558,0.111170856527452,0.06621662990766056,0.07936203590509065,0.04933109089197504,0.111170856527452,0.050775240028974794,0.050674463337739284,0.049388623296373745,0.05202088849208699,0.04961185439931401,0.050674463337739284,0.0491071428571424,0.05202088849208699,0.928708920654073,0.7483058712727425,0.7816624556104687,0.7051399188012237,0.8360805218847492,0.7483058712727425,0.4207898743646538,0.7051399188012237,0.5934742647058824,0.144797381056696,0.5301317401960784,0.13501195425079363,0.41484374999999996,0.13293969059919733,0.609375,unpaved
344.14166666666745,804.3333333333308,548.4875000000014,796.373333333331,885.1874999999926,804.3333333333308,1470.727678571417,796.373333333331,11.250000000000009,18.1644444444444,14.92916666666668,19.34222222222216,18.580357142857014,18.1644444444444,25.90624999999981,19.34222222222216,0.18049004049392353,0.10654314428472926,0.15817199415378727,0.10654006830071551,0.12962241933873617,0.10654314428472926,0.10805430075921921,0.10654006830071551,0.05667279378639757,0.054251358292149436,0.05636562191028604,0.05268119818279831,0.05476716136779093,0.054251358292149436,0.05575891069998502,0.05268119818279831,0.8748739922266001,0.7183253138343944,0.8064779748596892,0.7228193619548712,0.6814428248012896,0.7183253138343944,0.49754549242479007,0.7228193619548712,0.5521599264705881,0.15041849377693378,0.4777726715686274,0.14416886206162335,0.37740502450980395,0.14150383834909325,0.5625,unpaved
933.9708333333346,1399.2488888888847,483.2416666666681,1034.8088888888865,2575.535714285694,1399.2488888888847,1212.8749999999895,1034.8088888888865,21.8958333333334,28.03999999999986,14.558333333333342,23.17333333333323,38.04464285714253,28.03999999999986,24.857142857142662,23.17333333333323,0.06571985114696739,0.03653958610702795,0.08543566441750435,0.07202148846565846,0.037291327857948205,0.03653958610702795,0.05713271761525227,0.07202148846565846,0.04723243353647765,0.04786813161897324,0.04894725051862807,0.049590919120936265,0.04849455576428624,0.04786813161897324,0.04910714285714241,0.049590919120936265,0.7477416193853627,0.6172659647099997,0.8705845140025104,0.7177528425596603,0.29535694769604115,0.6172659647099997,0.6698777290727813,0.7177528425596603,0.5915441176470587,0.1606665319883186,0.5637101715686275,0.1723725033118129,0.4771752450980392,0.18966023516895175,0.765625,damaged
428.1541666666683,941.3466666666645,792.9625000000005,1060.528888888886,1025.357142857134,941.3466666666645,1750.2142857142694,1060.528888888886,14.045833333333366,22.866666666666593,20.679166666666703,24.493333333333236,22.56249999999978,22.866666666666593,32.00892857142827,24.493333333333236,0.10834328916640276,0.053778784281508625,0.07556310950482942,0.04809459978764333,0.06282280733153257,0.053778784281508625,0.034786669877913595,0.04809459978764333,0.04930066485916343,0.05028314888437651,0.04876958296133172,0.04959091912093626,0.04859718985954695,0.05028314888437651,0.048801810511328654,0.04959091912093626,0.8395263478859576,0.6384081648563785,0.7044789035434545,0.5934311181929988,0.6109146445302218,0.6384081648563785,0.3514178221187214,0.5934311181929988,0.5127910539215687,0.14788746622031806,0.453890931372549,0.14533486741488702,0.3581954656862745,0.14836702311585173,0.734375,damaged
400.10000000000105,875.0133333333301,616.4208333333346,1024.7244444444405,966.8080357142765,875.0133333333301,1623.7008928571283,1024.7244444444405,12.358333333333354,19.16444444444435,15.179166666666715,21.035555555555497,20.638392857142676,19.16444444444435,26.19196428571407,21.035555555555497,0.13732348333151675,0.08831170181736346,0.1268875969238309,0.08191657121470414,0.10748793380442802,0.08831170181736346,0.07092817042035106,0.08191657121470414,0.050945913585989426,0.052115730664704506,0.04973890160963881,0.049291273361819404,0.05167784331602719,0.052115730664704506,0.04941058844013046,0.049291273361819404,0.8833832259895611,0.7496404768397569,0.8160796672957045,0.7071418596427763,0.7313054735664061,0.7496404768397569,0.5174340371380104,0.7071418596427763,0.44204963235294115,0.161944216462298,0.4073682598039216,0.15985865440920818,0.3265012254901961,0.15359474645770121,0.5546875,damaged
475.6500000000018,1080.0133333333313,667.0708333333349,937.8044444444432,1291.1428571428462,1080.0133333333313,1363.4330357142735,937.8044444444432,14.266666666666694,24.235555555555454,16.779166666666686,20.871111111111013,24.70535714285695,24.235555555555454,26.165178571428374,20.871111111111013,0.10507405053447785,0.048950334099654456,0.10130547769939953,0.08724729385969486,0.047721854544074044,0.048950334099654456,0.0624332244286754,0.08724729385969486,0.04921254921257379,0.0487877742224446,0.05068968775248507,0.05077182070575911,0.04941058844013041,0.0487877742224446,0.04971218181098184,0.05077182070575911,0.8209438983899452,0.6024157900043063,0.7494923374327508,0.6523814121285252,0.5159645212704252,0.6024157900043063,0.49069478508011893,0.6523814121285252,0.5790900735294118,0.13562157935732222,0.517953431372549,0.14389497718677624,0.4159773284313726,0.15947872109156724,0.640625,damaged
228.30000000000004,420.99555555555384,209.0000000000003,324.2399999999986,583.2187499999961,420.99555555555384,373.04017857142594,324.2399999999986,10.300000000000006,13.59999999999996,9.750000000000007,13.199999999999964,17.53124999999991,13.59999999999996,14.531249999999917,13.199999999999964,0.1566962713964452,0.1260232861411296,0.13709247458239843,0.11114232029167699,0.10704780797100269,0.1260232861411296,0.07632104356356864,0.11114232029167699,0.05713045500334199,0.055599982236429986,0.055433894565208516,0.05452375176171214,0.05347834174424473,0.055599982236429986,0.052538403106873736,0.05452375176171214,0.7509916248483491,0.5327552739402496,0.7617482340803029,0.640554254165598,0.38854937325576566,0.5327552739402496,0.5808675429546535,0.640554254165598,0.566283700980392,0.09588176356183073,0.48359375000000004,0.07970449974296684,0.36462928921568627,0.07532804329450353,0.48828125,unpaved
511.46666666666795,1142.9555555555519,810.5083333333363,1148.3555555555527,1149.303571428561,1142.9555555555519,1776.21428571427,1148.3555555555527,15.858333333333345,25.95999999999988,20.82500000000007,26.46222222222211,24.99999999999981,25.95999999999988,32.17857142857114,26.46222222222211,0.10779597449516946,0.03870226727822243,0.046025082090799065,0.033743849445986594,0.045643710790776726,0.03870226727822243,0.03409615110075905,0.033743849445986594,0.048591265790377494,0.047868131618973214,0.04667782604668355,0.04817662975261939,0.050210811960722676,0.047868131618973214,0.04808182863512906,0.04817662975261939,0.8457166809496003,0.6395602092137234,0.7493943953403188,0.6407936916265434,0.6468580504901005,0.6395602092137234,0.439843415431757,0.6407936916265434,0.5139859068627451,0.15658405679668022,0.4909160539215687,0.16222942218444383,0.41222426470588236,0.16463264382835902,0.7890625,damaged
331.9166666666674,621.1599999999976,364.58333333333354,564.3333333333305,859.441964285707,621.1599999999976,656.6785714285651,564.3333333333305,12.72500000000002,18.742222222222157,14.299999999999994,18.199999999999942,20.584821428571257,18.742222222222157,19.52678571428556,18.199999999999942,0.0896574248018922,0.05701358799494628,0.06985461769529372,0.05483524418920702,0.07484428518444589,0.05701358799494628,0.06469751133220597,0.05483524418920702,0.050086730334047105,0.048483164953936356,0.049913118961295536,0.049987652796453105,0.049107142857142363,0.048483164953936356,0.05021081196072266,0.049987652796453105,0.7677542895193794,0.5477840444249884,0.7292603082203792,0.5856343825108354,0.4017466485283688,0.5477840444249884,0.4859815463505287,0.5856343825108354,0.5481311274509804,0.09538655803923715,0.48883272058823535,0.10811242520704882,0.391421568627451,0.11791814152508717,0.6328125,damaged
566.0250000000007,639.7733333333304,995.1500000000013,1806.8222222222153,1387.8437499999877,639.7733333333304,2651.1160714285465,1806.8222222222153,16.73333333333338,17.817777777777714,22.71666666666672,31.462222222222096,27.67410714285692,17.817777777777714,39.883928571428264,31.462222222222096,0.07824533097927958,0.06606550290210544,0.08125617255251884,0.05566549719076758,0.04364989685195453,0.06606550290210544,0.035200511558393585,0.05566549719076758,0.049564071889042965,0.05038126243890928,0.05051814855409218,0.04919098582484128,0.05021081196072265,0.05038126243890928,0.049208499296983,0.04919098582484128,0.8565321244478517,0.8394902952931996,0.7470452259992836,0.5468311241003575,0.6526095800114214,0.8394902952931996,0.32902767402716765,0.5468311241003575,0.3878982843137255,0.17487296107276692,0.3548866421568628,0.1753316316064269,0.2905024509803922,0.16623076602653825,0.71875,damaged
823.6041666666674,1252.7422222222185,490.92500000000155,944.3955555555523,2236.4553571428355,1252.7422222222185,915.8705357142774,944.3955555555523,19.64583333333337,25.826666666666558,15.741666666666676,22.688888888888805,33.80357142857109,25.826666666666558,22.915178571428356,22.688888888888805,0.09376361954089715,0.05315142061908151,0.09912967519216276,0.04406595548123174,0.04601519303222097,0.05315142061908151,0.05484008053042537,0.04406595548123174,0.04750730937913074,0.04988876515698568,0.04903584289974921,0.04807401700618638,0.0481853418413453,0.04988876515698568,0.04920849929698301,0.04807401700618638,0.8272895673603764,0.7461333217472278,0.8991519705161038,0.8083451301133344,0.5334598478665893,0.7461333217472278,0.8115769867122429,0.8083451301133344,0.47884497549019606,0.1982384324180038,0.44869791666666664,0.18953770306284162,0.3651654411764706,0.18163972180269505,0.7578125,damaged
409.33750000000066,1209.5199999999943,1579.2458333333373,2238.875555555546,1103.794642857132,1209.5199999999943,3602.9732142856788,2238.875555555546,15.020833333333353,24.755555555555482,26.22083333333342,31.675555555555416,24.946428571428353,24.755555555555482,41.383928571428235,31.675555555555416,0.08263246641870042,0.08660557338260184,0.07670244869082761,0.04273714210317063,0.05106126983217494,0.08660557338260184,0.03621580745235978,0.04273714210317063,0.0480523441444617,0.04827902440533412,0.0477806039215822,0.048989794855663384,0.049712181810981894,0.04827902440533412,0.04766552791085364,0.048989794855663384,0.9294071869010356,0.7850164216171843,0.720221370386777,0.6014643982209472,0.8111136223659151,0.7850164216171843,0.34571859288422024,0.6014643982209472,0.5868259803921568,0.1965489051612805,0.5520986519607843,0.21621275755784258,0.4676164215686274,0.23255386886835827,0.8046875,damaged
418.4291666666683,1017.6533333333299,1016.4041666666681,1528.7199999999941,1119.41517857142,1017.6533333333299,2373.8571428571267,1528.7199999999941,14.479166666666694,23.74222222222214,21.862500000000093,28.737777777777705,24.397321428571242,23.74222222222214,35.28571428571404,28.737777777777705,0.11329236080916091,0.06201686061495268,0.07694911420517023,0.05670379744793183,0.07952781111169316,0.06201686061495268,0.05381882605596268,0.05670379744793183,0.05086064839889049,0.04988876515698568,0.048680506023116354,0.05047918529600226,0.05080270837830781,0.04988876515698568,0.049812307152725936,0.05047918529600226,0.9018677164112117,0.7489477761552534,0.7457525889595308,0.6218114523569649,0.7396681708412196,0.7489477761552534,0.3755919170973481,0.6218114523569649,0.521905637254902,0.1829988214770603,0.47964154411764715,0.1811101409074673,0.3919117647058823,0.17284521564041294,0.6640625,damaged
661.8666666666675,1247.4444444444403,818.4916666666683,1040.3777777777748,1590.3749999999857,1247.4444444444403,1621.8482142856988,1040.3777777777748,18.908333333333378,26.359999999999868,20.4583333333334,23.924444444444372,29.499999999999794,26.359999999999868,29.85714285714262,23.924444444444372,0.0687980911515374,0.03387662631953294,0.0625089315915554,0.05043120611474139,0.04085743353758471,0.03387662631953294,0.039303889615652045,0.05043120611474139,0.047780603921582156,0.049590919120936265,0.04796193513842223,0.048584913575723004,0.049005576785937345,0.049590919120936265,0.04828863315353513,0.048584913575723004,0.7521990337668619,0.517971623446537,0.6940633608643801,0.5964618053660201,0.4008751424540955,0.517971623446537,0.378655014250233,0.5964618053660201,0.5567708333333333,0.144598674388419,0.49888174019607845,0.14709705050415423,0.4030637254901961,0.14588167554330922,0.76171875,unpaved
441.1166666666681,1328.4133333333282,1183.3458333333367,1676.3066666666582,1172.7678571428464,1328.4133333333282,3331.495535714257,1676.3066666666582,13.058333333333355,25.30222222222211,21.81250000000008,27.159999999999897,22.669642857142673,25.30222222222211,40.33482142857112,27.159999999999897,0.14407374816860477,0.07143234793395564,0.07080482387374318,0.05916076953985498,0.10349879360141621,0.07143234793395564,0.03212170115825063,0.05916076953985498,0.051538820320220814,0.049789681116462245,0.04814258336788063,0.04929127336181949,0.049912231640619864,0.049789681116462245,0.04839170399258613,0.04929127336181949,0.9144951416299064,0.7479568808463833,0.7754809436185248,0.6835582533657951,0.7725197425662371,0.7479568808463833,0.3743926686467762,0.6835582533657951,0.4762867647058824,0.18430287787162408,0.445343137254902,0.2041946171108704,0.3678002450980392,0.21964676669661737,0.73046875,damaged
1052.0291666666683,1627.0622222222166,984.3875000000022,1542.4088888888828,2686.477678571402,1627.0622222222166,2244.4107142856933,1542.4088888888828,21.812500000000046,25.062222222222143,22.370833333333398,28.817777777777685,35.7633928571425,25.062222222222143,35.705357142856805,28.817777777777685,0.08471800993241466,0.08179806990658983,0.05891734010962678,0.040359670929454534,0.05441900011474023,0.08179806990658983,0.028802001739182757,0.040359670929454534,0.048769582961331735,0.050086345198153776,0.04868050602311633,0.049190985824841285,0.049107142857142336,0.050086345198153776,0.04776994321212611,0.049190985824841285,0.7386108427894016,0.5855679227516148,0.7445245128647269,0.6054241725832922,0.3529334627891676,0.5855679227516148,0.4090844445489221,0.6054241725832922,0.43855698529411763,0.16580439021067497,0.3990502450980392,0.17859844990528675,0.3238357843137255,0.18107959208453644,0.76953125,damaged
708.916666666668,1438.2799999999936,713.3875000000011,1059.7777777777746,1881.6741071428403,1438.2799999999936,1943.3392857142667,1059.7777777777746,17.125000000000043,25.90666666666656,17.804166666666713,22.75555555555547,27.933035714285467,25.90666666666656,30.90178571428545,22.75555555555547,0.09558611256967724,0.041103754657043454,0.07776693142647789,0.0414004270032792,0.0623246367130698,0.041103754657043454,0.0368518863951285,0.0414004270032792,0.050603990839546295,0.04868644955601461,0.048591265790377515,0.04878777422244463,0.04930964739815694,0.04868644955601461,0.04869960765462324,0.04878777422244463,0.9052195889172174,0.8092207760604618,0.9048309802415488,0.8602417990300542,0.7467751150360624,0.8092207760604618,0.7385847274262517,0.8602417990300542,0.40421262254901963,0.25834049431090356,0.3928155637254902,0.2344205825011473,0.31386335784313724,0.21791637357345278,0.68359375,damaged
563.5333333333342,1241.5377777777726,1134.2041666666678,1689.2888888888806,1434.401785714272,1241.5377777777726,2755.5758928571163,1689.2888888888806,17.100000000000062,25.77777777777769,22.82916666666673,28.097777777777644,28.08035714285691,25.77777777777769,36.65624999999966,28.097777777777644,0.08838247368539003,0.07005980869983137,0.05492430133704066,0.0501398646235783,0.05246358055625668,0.07005980869983137,0.03501106023355323,0.0501398646235783,0.048412291827592685,0.048176629752619396,0.04741586115308772,0.0488888888888887,0.04971218181098186,0.048176629752619396,0.047978092098670704,0.0488888888888887,0.8937223287208336,0.7672845565911786,0.7880475044107426,0.6814983972846602,0.7305939175624523,0.7672845565911786,0.48747396921411046,0.6814983972846602,0.5388786764705882,0.19607752900757436,0.507061887254902,0.20590742142020824,0.4247242647058823,0.21217935450445966,0.79296875,damaged
1104.183333333336,1879.9955555555478,999.7375000000021,1743.7022222222142,2774.4866071428282,1879.9955555555478,2108.1249999999795,1743.7022222222142,22.80000000000007,31.639999999999848,21.779166666666722,30.884444444444334,38.281249999999666,31.639999999999848,33.544642857142534,30.884444444444334,0.06008994958526121,0.03602073828932436,0.07471606957527864,0.04751499358307326,0.030773162647694495,0.03602073828932436,0.028146934167756568,0.04751499358307326,0.047871355387816936,0.048074017006186354,0.04723243353647767,0.049291273361819474,0.048185341841345326,0.048074017006186354,0.04766552791085364,0.049291273361819474,0.7994894131724429,0.6556910512098296,0.8163797918188259,0.6803875123763042,0.4912505218434164,0.6556910512098296,0.6134478723536827,0.6803875123763042,0.5772212009803921,0.20571386971275105,0.5404718137254902,0.2060211562878318,0.4303155637254902,0.20886903477880908,0.8046875,damaged
164.25000000000014,507.5199999999978,383.2166666666673,487.04888888888627,336.2276785714258,507.5199999999978,860.8169642857075,487.04888888888627,8.3916666666667,14.391111111111051,12.383333333333361,15.608888888888847,11.745535714285632,14.391111111111051,19.459821428571278,15.608888888888847,0.15580334077751595,0.14261311631801335,0.16867839327503967,0.11366844769870937,0.14121819189538437,0.14261311631801335,0.1099618576635504,0.11366844769870937,0.0584819535317423,0.05937950762616571,0.057130455003341796,0.0587944735792126,0.05820716433216571,0.05937950762616571,0.057604856698945404,0.0587944735792126,0.8957841673008663,0.6917638201515575,0.7633015892188457,0.7047839302632118,0.7865408746263758,0.6917638201515575,0.46185219180469683,0.7047839302632118,0.4305912990196078,0.12594005415939313,0.3839460784313726,0.10359089721576378,0.2956341911764706,0.10560759866571373,0.51171875,damaged
26.454166666666733,44.542222222222115,44.89583333333339,68.56444444444435,57.56696428571392,44.542222222222115,114.06249999999928,68.56444444444435,3.845833333333341,5.084444444444429,4.620833333333347,5.586666666666642,5.54017857142854,5.084444444444429,7.026785714285668,5.586666666666642,0.24483079383774262,0.17901636287998557,0.22907310480857757,0.22277545314021188,0.19164980556999045,0.17901636287998557,0.21136340020362201,0.22277545314021188,0.06890764753558831,0.06710963942462857,0.06972166887783948,0.07020252888413893,0.06763061342653111,0.06710963942462857,0.06591438866175552,0.07020252888413893,0.933423966441443,0.8880787585648949,0.8874937979650959,0.8268895210202375,0.8550635300059832,0.8880787585648949,0.7128051507998786,0.8268895210202375,0.3813265931372549,0.07216814471646732,0.3921568627450981,0.05064344722307032,0.2707873774509804,0.04727174299442372,0.109375,unpaved
29.100000000000033,42.39999999999994,22.929166666666692,25.66222222222218,53.348214285713986,42.39999999999994,41.87946428571408,25.66222222222218,4.000000000000009,4.897777777777774,3.4291666666666725,3.6977777777777696,5.4999999999999645,4.897777777777774,4.745535714285686,3.6977777777777696,0.23652280314652968,0.1927082107825666,0.2742291452348331,0.280758130341026,0.18773244474684023,0.1927082107825666,0.2097640551211806,0.280758130341026,0.08328123371377788,0.07975270419967277,0.08539125638299672,0.08520128672302586,0.07667662516659617,0.07975270419967277,0.0787917972978691,0.08520128672302586,0.6212785013821106,0.42786974034641795,0.6837673993237509,0.6588744629665512,0.3275017322457996,0.42786974034641795,0.3759520111116407,0.6588744629665512,0.2527267156862745,0.03691410362140933,0.2891084558823529,0.021926767840538798,0.2003370098039216,0.020556273882721667,0.0234375,unpaved
6.066666666666672,4.724444444444447,5.6625000000000085,6.422222222222219,7.2901785714285685,4.724444444444447,5.629464285714285,6.422222222222219,1.9416666666666684,1.666666666666666,1.8375000000000024,1.9688888888888887,2.2008928571428577,1.666666666666666,1.7991071428571423,1.9688888888888887,0.38120158167217033,0.43523712309594703,0.40058832701479813,0.39002097482097486,0.32322030215412567,0.43523712309594703,0.4261542283233459,0.39002097482097486,0.11614466553971975,0.12570787221094182,0.11953323573150888,0.11674600476945507,0.11756423287735446,0.12570787221094182,0.12094836771557205,0.11674600476945507,0.7215843811897357,0.7707542083508057,0.7550092371042021,0.6973414923519673,0.6496256956992957,0.7707542083508057,0.7507974395474435,0.6973414923519673,0.722518382352941,0.007090853490738893,0.8284620098039217,0.017028554490864656,0.626547181372549,0.017764793708510532,0.0,unpaved
157.3583333333337,270.01333333333275,169.116666666667,277.5955555555546,312.80357142856866,270.01333333333275,356.46428571428254,277.5955555555546,8.908333333333358,11.595555555555515,8.96666666666669,11.87111111111107,13.026785714285607,11.595555555555515,13.428571428571317,11.87111111111107,0.1334591070476738,0.1177201386337319,0.14714891000581948,0.11305154638721769,0.07893200350077631,0.1177201386337319,0.09976952987796818,0.11305154638721769,0.05262221225131273,0.054794791137501665,0.05368374469468779,0.05515410509329235,0.0535714285714279,0.054794791137501665,0.05412658773652669,0.05515410509329235,0.8656315448147306,0.7674748333439302,0.8549874373119797,0.7612508342699774,0.7253179754020156,0.7674748333439302,0.6944024026876805,0.7612508342699774,0.3553002450980392,0.12084734222948679,0.3252297794117647,0.08850037492757634,0.2502757352941177,0.07628407620863042,0.41796875,damaged
13.608333333333347,13.866666666666655,14.591666666666681,16.377777777777766,17.85714285714283,13.866666666666655,16.165178571428545,16.377777777777766,2.8833333333333395,2.9866666666666677,3.0583333333333367,3.1066666666666647,3.285714285714282,2.9866666666666677,3.1562499999999956,3.1066666666666647,0.28768367613662016,0.2686817453441707,0.25888874451676397,0.29003250633212535,0.2621762909069783,0.2686817453441707,0.26362389500948075,0.29003250633212535,0.09381941874331441,0.09676240469812097,0.09899670308763957,0.09762614505106117,0.0947018010517697,0.09676240469812097,0.09882117688026183,0.09762614505106117,0.545125348189415,0.5023895226767192,0.48647010518906625,0.41825199502817273,0.4014408174608267,0.5023895226767192,0.42301696404277384,0.41825199502817273,0.27651654411764703,0.029871775229113714,0.3073988970588235,0.013164103298806362,0.21006433823529413,0.014247072969429427,0.0,unpaved
253.08750000000038,372.55555555555355,254.5166666666672,497.2177777777744,583.8348214285655,372.55555555555355,599.2098214285669,497.2177777777744,12.13750000000002,15.328888888888835,11.150000000000016,16.95999999999994,18.361607142856975,15.328888888888835,17.42410714285702,16.95999999999994,0.09291648193962875,0.052214966683322324,0.11868955700825944,0.056131914563350635,0.07883578387716911,0.052214966683322324,0.08035450117063489,0.056131914563350635,0.05034602488997731,0.05038126243890926,0.050173310744967836,0.04949123878071111,0.0494105884401304,0.05038126243890926,0.0504088829939112,0.04949123878071111,0.7941529635785474,0.6960547464937654,0.7965450845759516,0.594598655785637,0.495989971653744,0.6960547464937654,0.5111346512778921,0.594598655785637,0.45314031862745097,0.11733499764630735,0.38821997549019605,0.09233822504551048,0.2896905637254902,0.08921055054631594,0.57421875,damaged
12.062500000000007,14.244444444444428,12.304166666666665,12.191111111111093,15.531249999999963,14.244444444444428,12.95089285714282,12.191111111111093,2.7791666666666712,3.088888888888886,2.8208333333333395,2.8044444444444387,3.165178571428564,3.088888888888886,2.879464285714282,2.8044444444444387,0.29389364472923807,0.2484710884482351,0.2758260792988259,0.2747221163391151,0.24372901106032718,0.2484710884482351,0.27642446600235066,0.2747221163391151,0.09363418772601785,0.09438560258486771,0.0962400788537593,0.0983317639548334,0.09305653386462417,0.09438560258486771,0.09801115357187565,0.0983317639548334,0.6378457451175242,0.5527714217760086,0.6144781744612462,0.6194727832174042,0.5304980523672376,0.5527714217760086,0.5786381722987202,0.6194727832174042,0.27771139705882353,0.02830682988242376,0.2997242647058823,0.012494554693895675,0.2096507352941177,0.013060780705418962,0.0,unpaved
249.77500000000035,304.2488888888883,197.84166666666695,342.5111111111099,551.6071428571382,304.2488888888883,344.0223214285682,342.5111111111099,10.91666666666668,11.919999999999956,9.141666666666694,13.631111111111064,16.857142857142716,11.919999999999956,13.138392857142762,13.631111111111064,0.12408874815318921,0.1043247253382881,0.14867289103421533,0.08668902393455595,0.07046167466014276,0.1043247253382881,0.09457089996020641,0.08668902393455595,0.052539667553826906,0.05324066022538168,0.05551213581030906,0.052020888492086956,0.05329168029604097,0.05324066022538168,0.05272773129918562,0.052020888492086956,0.7677499140869175,0.6909909991242875,0.8102413595865687,0.6538576557038676,0.4574774925442321,0.6909909991242875,0.6720278141483266,0.6538576557038676,0.3782015931372549,0.11608054312284596,0.3430300245098039,0.08494187485630153,0.26265318627450984,0.08405607126799518,0.4921875,damaged
11.920833333333343,23.511111111111074,25.083333333333375,34.18222222222214,29.147321428571264,23.511111111111074,53.36160714285683,34.18222222222214,2.587500000000006,3.599999999999986,3.591666666666673,3.9688888888888765,3.959821428571407,3.599999999999986,5.1294642857142545,3.9688888888888765,0.33372715106417933,0.27016347671620666,0.280638215313647,0.277621893775545,0.2757469492853085,0.27016347671620666,0.21483469819574894,0.277621893775545,0.11086778913041771,0.10032047413596114,0.09824855102126384,0.10130018951147908,0.11016930963618775,0.10032047413596114,0.09284211760305955,0.10130018951147908,0.9243290809951812,0.8531081827226848,0.8423158785771151,0.788148263589482,0.8138950473360036,0.8531081827226848,0.6730031842067742,0.788148263589482,0.22639399509803926,0.03971677587776893,0.27045036764705876,0.03479933309451388,0.19918811274509807,0.025322349136796526,0.03515625,unpaved
426.17500000000086,859.6355555555523,664.0416666666687,961.9022222222195,965.8080357142766,859.6355555555523,1281.1874999999875,961.9022222222195,15.408333333333374,20.284444444444357,17.29166666666669,22.266666666666566,23.67410714285696,20.284444444444357,25.0803571428569,22.266666666666566,0.07616538588991663,0.08873363316839283,0.07889439449681943,0.07268473001435287,0.0522545672673241,0.08873363316839283,0.05475606863211889,0.07268473001435287,0.049826086429589106,0.05018484351393853,0.048142583367880576,0.050283148884376495,0.05030994495350237,0.05018484351393853,0.049912231640619795,0.050283148884376495,0.7818490342934797,0.5683642877048923,0.6729227518839342,0.5170992480475591,0.5087570682706151,0.5683642877048923,0.3536815086948393,0.5170992480475591,0.561703431372549,0.11063453389475446,0.48350183823529413,0.1282996413516331,0.369546568627451,0.14090855260686086,0.66796875,damaged
323.4666666666676,987.7777777777754,722.9625000000005,935.7955555555527,549.464285714281,987.7777777777754,1630.758928571417,935.7955555555527,11.850000000000009,22.293333333333226,17.020833333333346,21.06666666666663,16.79464285714273,22.293333333333226,26.848214285714093,21.06666666666663,0.1149981089104898,0.05447688471644065,0.10459871945188884,0.08811910932009544,0.07406550876719455,0.05447688471644065,0.05777719981707693,0.08811910932009544,0.05128555677121319,0.049391357268650606,0.049476425362657984,0.0523048990930656,0.04961185439931396,0.049391357268650606,0.05070453880178773,0.0523048990930656,0.8859965628768444,0.6408777287637138,0.7284770042573621,0.6577329749561002,0.8068628707411762,0.6408777287637138,0.3404756463752896,0.6577329749561002,0.6206188725490195,0.14433569114135456,0.549188112745098,0.14709283253478686,0.4213541666666667,0.14539773351606453,0.64453125,damaged
331.01250000000084,767.2666666666644,405.86666666666764,472.10222222222046,948.5267857142769,767.2666666666644,1014.696428571421,472.10222222222046,12.320833333333345,18.92888888888883,13.258333333333347,15.293333333333281,22.312499999999794,18.92888888888883,21.83035714285696,15.293333333333281,0.11498840380093861,0.10867164339012571,0.1400540745707267,0.09485579581490028,0.0809554423834199,0.10867164339012571,0.08262661331931472,0.09485579581490028,0.05253966755382687,0.05163977794943194,0.052786914413832854,0.05163977794943197,0.049912231640619746,0.05163977794943194,0.052633152332819025,0.05163977794943197,0.8402507891485688,0.6277958325120703,0.797378194175383,0.7702269346677136,0.5550082173350529,0.6277958325120703,0.5073625739051816,0.7702269346677136,0.4572303921568628,0.11492922522928253,0.40883884803921566,0.12850630580759023,0.34102328431372547,0.14639466227094475,0.609375,damaged
395.38750000000124,582.3466666666656,166.0916666666668,447.93333333333163,834.6964285714253,582.3466666666656,488.6160714285702,447.93333333333163,12.104166666666698,15.662222222222194,7.275000000000012,13.542222222222199,17.616071428571388,15.662222222222194,12.857142857142838,13.542222222222199,0.1777378927992986,0.1478222966875834,0.24414959129123495,0.17171016207039397,0.12733214645027913,0.1478222966875834,0.1769831979513107,0.17171016207039397,0.06434768838116875,0.0630891980736815,0.07138267374588261,0.06486453119700622,0.062180304808857605,0.0630891980736815,0.06430741201289233,0.06486453119700622,0.8280820818093214,0.7417027824375239,0.9285429858283427,0.8008762354475282,0.6373716555993686,0.7417027824375239,0.7838733335248044,0.8008762354475282,0.5182751225490195,0.13031621738104665,0.5235600490196077,0.1437085664789284,0.39419424019607846,0.12219210337554488,0.44921875,damaged
654.704166666668,1340.2488888888806,800.454166666668,1256.6577777777718,1494.4151785714134,1340.2488888888806,1349.12499999999,1256.6577777777718,19.362500000000058,28.213333333333217,18.270833333333403,27.1999999999999,30.85267857142832,28.213333333333217,25.23214285714267,27.1999999999999,0.044520303647217686,0.03988100954655055,0.1003073787631465,0.061545649346796384,0.019028053480336357,0.03988100954655055,0.08141898988695173,0.061545649346796384,0.04805234414446166,0.04838120234906037,0.049564071889043,0.04858491357572307,0.04859718985954696,0.04838120234906037,0.05001195647858903,0.04858491357572307,0.7905104709058914,0.5503159819227416,0.7260636830924894,0.5778540427116161,0.5388623963192577,0.5503159819227416,0.5258417743692115,0.5778540427116161,0.6052696078431372,0.15060706126897025,0.5369332107843137,0.1541448980359943,0.4151501225490196,0.16029678125667965,0.80078125,damaged
599.9750000000014,1004.7466666666642,499.79583333333454,951.8133333333313,1502.910714285703,1004.7466666666642,1076.8303571428496,951.8133333333313,16.050000000000036,21.324444444444378,12.56250000000001,20.54222222222219,26.535714285714125,21.324444444444378,20.151785714285605,20.54222222222219,0.13459459974502958,0.11575409734601369,0.17485728818940086,0.10879045241375299,0.09184484269231322,0.11575409734601369,0.11202967201079293,0.10879045241375299,0.05644257160060036,0.05639367795755322,0.05958479019197961,0.05786318473907327,0.055400328776744494,0.05639367795755322,0.05357142857142816,0.05786318473907327,0.8439439253070763,0.7318213740220241,0.8662205750831093,0.7467898910618831,0.6063340616018044,0.7318213740220241,0.7141721864282181,0.7467898910618831,0.5689338235294118,0.17066999208231073,0.514874387254902,0.17320213740249388,0.40438112745098037,0.16816449294447303,0.55859375,damaged
512.1416666666679,1034.9155555555517,814.6125000000012,1257.6399999999971,1424.4241071428457,1034.9155555555517,1709.9687499999864,1257.6399999999971,15.816666666666697,23.413333333333227,17.80416666666672,24.51111111111099,27.2008928571426,23.413333333333227,27.781249999999762,24.51111111111099,0.08219572305452998,0.08142940706926369,0.0885551330235463,0.06732366318287468,0.054642136700630894,0.08142940706926369,0.06460591336503482,0.06732366318287468,0.05043216015379249,0.05077182070575917,0.04982608642958912,0.05047918529600221,0.05021081196072267,0.05077182070575917,0.051387787648309015,0.05047918529600221,0.8615040984971912,0.7248299550319149,0.7840212722592155,0.6663023805912682,0.6094482599272851,0.7248299550319149,0.551336361829122,0.6663023805912682,0.5421875,0.16519443917100649,0.48359375,0.17163748112325414,0.38892463235294117,0.16944325890544898,0.65234375,damaged
518.1916666666682,1169.2488888888868,953.9000000000015,1393.6666666666622,1281.8392857142755,1169.2488888888868,2128.3124999999814,1393.6666666666622,16.73333333333336,25.568888888888786,19.591666666666697,26.59999999999987,26.99107142857123,25.568888888888786,32.01785714285687,26.59999999999987,0.07661993274140005,0.07006330573508576,0.07710221172897525,0.05310952489535881,0.035168696352351834,0.07006330573508576,0.05830638104897995,0.05310952489535881,0.048769582961331756,0.04888888888888868,0.04805234414446164,0.04898979485566336,0.048903799777246515,0.04888888888888868,0.049712181810981866,0.04898979485566336,0.8608557060062615,0.6795909664287675,0.7326625738463363,0.6194148489361727,0.6656899752943238,0.6795909664287675,0.3926861170591565,0.6194148489361727,0.6018688725490196,0.15922958927917905,0.5494791666666667,0.1697226469484695,0.4543964460784314,0.17816600238233263,0.7265625,damaged
83.50833333333357,131.03999999999962,63.61666666666677,109.19111111111086,179.83035714285657,131.03999999999962,133.23214285714232,109.19111111111086,5.5083333333333435,8.04444444444442,5.958333333333354,6.808888888888871,8.785714285714278,8.04444444444442,7.571428571428533,6.808888888888871,0.21643784474515135,0.13709922312846495,0.15744550897208381,0.16072085014382675,0.13450073874213977,0.13709922312846495,0.1534091819398374,0.16072085014382675,0.06692657668420421,0.06190394789859579,0.06284626303749316,0.06293245448224993,0.06289733394466673,0.06190394789859579,0.06129254561493731,0.06293245448224993,0.8710400503262545,0.7772418458004101,0.9023218708035942,0.8078234670916021,0.7044067633146491,0.7772418458004101,0.781423357862321,0.8078234670916021,0.5063725490196078,0.07420279889142861,0.4564031862745098,0.07731065268068679,0.34598651960784316,0.06678049474229192,0.1796875,damaged
480.50833333333463,1134.1866666666633,790.4083333333348,1139.0488888888854,1191.4419642857044,1134.1866666666633,1489.5714285714168,1139.0488888888854,16.083333333333364,25.78666666666656,18.933333333333373,25.226666666666567,26.477678571428335,25.78666666666656,29.22321428571406,25.226666666666567,0.09366002016774874,0.053155788910213275,0.09720476062458712,0.057298291226745963,0.045243565095340124,0.053155788910213275,0.05296876890684569,0.057298291226745963,0.048858497498160694,0.04978968111646216,0.0493886232963737,0.048584913575723046,0.04941058844013045,0.04978968111646216,0.05001195647858901,0.048584913575723046,0.7529384468484464,0.4190359535336424,0.5877797163860502,0.4170943445434301,0.404768951162094,0.4190359535336424,0.23011975877048604,0.4170943445434301,0.5617493872549019,0.11495790357453292,0.49100796568627453,0.12309291738381227,0.37265625,0.1317863709761988,0.7734375,damaged
252.0458333333338,382.5822222222208,286.63750000000056,421.7999999999983,598.1830357142805,382.5822222222208,468.02678571428123,421.7999999999983,11.512500000000015,14.69777777777771,11.554166666666706,14.519999999999943,17.656249999999858,14.69777777777771,15.919642857142735,14.519999999999943,0.11053799282748634,0.1026285653226165,0.11422181896744978,0.08555176904827629,0.08718429705007397,0.1026285653226165,0.0917471791605382,0.08555176904827629,0.054166666666666474,0.05506449641495018,0.05327796605226829,0.05230489909306558,0.05366435392933551,0.05506449641495018,0.05225312460142627,0.05230489909306558,0.7519821127897438,0.6228522110845244,0.7304640836108697,0.5856845583267737,0.3713862178464331,0.6228522110845244,0.5609173671277292,0.5856845583267737,0.5078125,0.08137328149586169,0.489859068627451,0.09473034756835062,0.41928615196078434,0.09743603583077647,0.4921875,paved
19.937500000000025,23.528888888888854,15.604166666666663,26.053333333333285,37.584821428571374,23.528888888888854,33.03124999999998,26.053333333333285,3.2291666666666727,3.5911111111111103,2.8041666666666725,3.5288888888888894,4.299107142857139,3.5911111111111103,4.102678571428569,3.5288888888888894,0.29362649211810327,0.2532497736318954,0.3306852867395726,0.2903328748171022,0.24246125766557847,0.2532497736318954,0.258317206342086,0.2903328748171022,0.08149003006503325,0.07987644780271745,0.08291561975888509,0.08261169020196049,0.07674157784674578,0.07987644780271745,0.07910734440477378,0.08261169020196049,0.8290301937233503,0.7918370556778868,0.8686874789025925,0.7702357829090057,0.6628987753049659,0.7918370556778868,0.7082856676934185,0.7702357829090057,0.5048406862745098,0.03301456713873928,0.4878216911764707,0.03132958181246595,0.3915900735294118,0.02357233159622376,0.01953125,paved
131.60416666666694,199.5822222222218,147.99583333333354,234.63555555555482,208.86160714285518,199.5822222222218,239.79464285714093,234.63555555555482,8.104166666666694,10.57777777777775,8.545833333333356,11.364444444444407,11.004464285714214,10.57777777777775,11.749999999999918,11.364444444444407,0.14866576120973454,0.12065783856885179,0.15868782864182251,0.11554853824987667,0.10454903225626708,0.12065783856885179,0.10883097281607942,0.11554853824987667,0.054803943491524475,0.05443310539518142,0.05628856702544278,0.05506449641495017,0.05338509260313059,0.05443310539518142,0.05196628003045848,0.05506449641495017,0.6137572509364431,0.4201486860927395,0.5655114050733203,0.32568566296825985,0.3707198501377668,0.4201486860927395,0.3130712637546337,0.32568566296825985,0.3469975490196078,0.04975063821922202,0.3572916666666667,0.054204326308261476,0.3029258578431372,0.04967303228463914,0.328125,unpaved
92.93333333333355,100.75111111111073,73.22916666666688,141.18666666666607,193.6696428571414,100.75111111111073,167.5892857142844,141.18666666666607,7.141666666666687,7.755555555555528,6.120833333333348,8.439999999999962,10.35714285714279,7.755555555555528,9.741071428571367,8.439999999999962,0.14044440932843213,0.11873408654887475,0.1886433600408156,0.14799788329441363,0.10123929627927804,0.11873408654887475,0.09846127414507332,0.14799788329441363,0.05408647910727986,0.054069000269317206,0.055277079839256615,0.05506449641495021,0.054948810826299314,0.054069000269317206,0.05375711865532227,0.05506449641495021,0.7973225936601528,0.7849696571772098,0.8424109525209926,0.6982024136333304,0.5831797174932632,0.7849696571772098,0.6459282694168144,0.6982024136333304,0.3512867647058824,0.07741391110761489,0.3686121323529412,0.05499870901161608,0.2922487745098039,0.04559473083534561,0.19921875,unpaved
123.31250000000021,174.43111111111065,56.84166666666681,123.31111111111073,255.12053571428382,174.43111111111065,127.61607142857045,123.31111111111073,7.862500000000021,9.231111111111074,5.741666666666685,8.262222222222192,11.191964285714208,9.231111111111074,8.276785714285657,8.262222222222192,0.14825158281770076,0.1384694578481922,0.16601455406925475,0.1319197193545481,0.1025703398274524,0.1384694578481922,0.12978799229042737,0.1319197193545481,0.05590169943749459,0.055511093319096524,0.055277079839256546,0.0550644964149502,0.054402042888186584,0.055511093319096524,0.058035714285713656,0.0550644964149502,0.8349352996362485,0.7701555660487006,0.9253923981405526,0.8379567220338277,0.6632897736851858,0.7701555660487006,0.8326161454376334,0.8379567220338277,0.37549019607843137,0.07093037317886168,0.4151348039215686,0.07903905877564309,0.3489430147058823,0.07971261335014154,0.26171875,unpaved
94.74583333333354,131.18666666666638,70.0041666666669,108.67999999999991,194.83035714285634,131.18666666666638,156.9687499999997,108.67999999999991,6.454166666666683,7.497777777777759,5.47083333333335,6.591111111111092,9.68749999999998,7.497777777777759,8.20089285714284,6.591111111111092,0.20695798457259118,0.1660389297011714,0.21901710414460548,0.19222504511934335,0.13691230161998713,0.1660389297011714,0.17994454277899366,0.19222504511934335,0.06535161308899223,0.06182412330330443,0.06718548123582131,0.0675497073492028,0.059811433066849294,0.06182412330330443,0.06469364618834553,0.0675497073492028,0.8700082590641439,0.8200739502952388,0.9028554169776392,0.8485617734566369,0.7280241506833665,0.8200739502952388,0.781316977812419,0.8485617734566369,0.46438419117647056,0.0940839008842544,0.43037683823529416,0.06956661997968079,0.33800551470588236,0.056047454065527254,0.23046875,unpaved
8.316666666666666,7.106666666666662,7.720833333333336,7.7733333333333325,7.031249999999998,7.106666666666662,8.008928571428568,7.7733333333333325,2.0333333333333337,1.8711111111111105,1.9875000000000012,1.9244444444444433,2.0044642857142834,1.8711111111111105,2.0357142857142856,1.9244444444444433,0.39321332288597993,0.4160353383935748,0.395572463367772,0.40706316192968256,0.36733487936580755,0.4160353383935748,0.3971624350902764,0.40706316192968256,0.1728036779443977,0.17523176892192285,0.17260262647673325,0.17441259440309853,0.17310264259233285,0.17523176892192285,0.1713669439077609,0.17441259440309853,-0.12685598148252694,0.005356464042575258,0.049011043763411755,-0.0850339620248453,0.03210805931904631,0.005356464042575258,0.018119978889344964,-0.0850339620248453,0.23491115196078435,0.007596294050647165,0.2820925245098039,0.008354468202462577,0.23780637254901965,0.009081659621150361,0.0,unpaved
8.291666666666671,8.955555555555552,7.558333333333338,7.9422222222222185,9.1517857142857,8.955555555555552,7.986607142857136,7.9422222222222185,2.2500000000000027,2.413333333333332,2.1250000000000013,2.182222222222221,2.40178571428571,2.413333333333332,2.2366071428571406,2.182222222222221,0.354141963230199,0.31380439987498815,0.3655015997677405,0.3541439106415229,0.3202944995502383,0.31380439987498815,0.334440285203377,0.3541439106415229,0.12879651263394784,0.1324414615622342,0.13277879474273502,0.12976712285027941,0.12861482402578492,0.1324414615622342,0.13156394668117286,0.12976712285027941,0.29894812862011977,0.21146757038092198,0.3482556677325478,0.3101126005361931,0.22392317650677548,0.21146757038092198,0.3137042171630461,0.3101126005361931,0.437607230392157,0.01053617601443183,0.42457107843137265,0.010117347509910576,0.340579044117647,0.009533836729303777,0.0,paved
351.05833333333396,478.67555555555316,355.98750000000024,573.7333333333304,740.2008928571365,478.67555555555316,829.6294642857075,573.7333333333304,13.27500000000002,15.582222222222182,13.545833333333368,17.9466666666666,20.781249999999822,15.582222222222182,21.7544642857141,17.9466666666666,0.1034670867853836,0.08794288555515924,0.09954622979154107,0.06756481458655299,0.05858854716008395,0.08794288555515924,0.05400272978663892,0.06756481458655299,0.04956407188904293,0.050868991743375724,0.049388623296373724,0.04909049340972097,0.050408882993911094,0.050868991743375724,0.04890379977724649,0.04909049340972097,0.7525156289608471,0.6721670332772051,0.7544064787003857,0.6082541839158558,0.47203464912637033,0.6721670332772051,0.44372836946779254,0.6082541839158558,0.43423713235294115,0.09499577656329714,0.47302389705882353,0.10710090111150315,0.4097273284313725,0.11749221385150986,0.65625,damaged
304.65000000000094,398.65777777777583,174.79583333333355,412.38666666666455,728.4776785714224,398.65777777777583,337.5982142857113,412.38666666666455,11.950000000000014,14.737777777777737,9.420833333333356,13.96888888888883,19.227678571428427,14.737777777777737,13.16071428571416,13.96888888888883,0.13357045708113616,0.07062433342924275,0.11618129970815941,0.08671341135178474,0.0685319484085923,0.07062433342924275,0.09675829713001007,0.08671341135178474,0.052456992966725575,0.050771820705759155,0.05068968775248513,0.051062779080337795,0.05109608545651552,0.050771820705759155,0.051581339322728605,0.051062779080337795,0.7633293088518918,0.6879350760600323,0.8576054516068465,0.6731744818614246,0.4615516248066455,0.6879350760600323,0.724248608694392,0.6731744818614246,0.5612285539215685,0.07062895188532685,0.49246323529411773,0.10990302051119279,0.3734681372549019,0.13154983681948737,0.47265625,damaged
505.29166666666816,1294.244444444439,804.3958333333339,852.079999999998,1239.9107142857038,1294.244444444439,1610.8303571428428,852.079999999998,16.675000000000033,26.439999999999912,19.82083333333339,22.2488888888888,26.267857142856915,26.439999999999912,30.22321428571404,22.2488888888888,0.0845659914158392,0.07421439546165143,0.09169815161316999,0.0626249814458276,0.0804358649743916,0.07421439546165143,0.047469288471976366,0.0626249814458276,0.048769582961331735,0.04898979485566339,0.048232653761625936,0.04998765279645311,0.049107142857142363,0.04898979485566339,0.049107142857142405,0.04998765279645311,0.8467226152363424,0.5978491732522162,0.7461879708720285,0.7337719218770785,0.6334563076630702,0.5978491732522162,0.48576540531230256,0.7337719218770785,0.5747242647058823,0.15512890470387117,0.5206648284313726,0.15875342693532785,0.42230392156862745,0.16498484633267263,0.71875,damaged
379.5333333333342,659.2844444444415,409.29583333333386,676.7688888888862,881.7366071428493,659.2844444444415,832.2991071428493,676.7688888888862,14.150000000000025,18.17333333333328,12.545833333333364,18.75999999999995,22.093749999999808,18.17333333333328,18.977678571428427,18.75999999999995,0.08590695592625999,0.06234606880760289,0.1268507766802772,0.06807327195596613,0.050755079547877974,0.06234606880760289,0.08044029991041007,0.06807327195596613,0.04850186136176171,0.049291273361819446,0.051116017276605356,0.050381262438909266,0.05099848061962386,0.049291273361819446,0.04941058844013043,0.050381262438909266,0.7981497913671936,0.6460386002352465,0.7700200728489651,0.6349832269996304,0.5446314325064792,0.6460386002352465,0.5405969350852684,0.6349832269996304,0.5298406862745098,0.09385908926056323,0.4716911764705882,0.12764167248281386,0.35575980392156864,0.1455947855362809,0.578125,damaged
374.27500000000094,600.1066666666644,343.12916666666734,622.835555555553,894.1116071428494,600.1066666666644,776.8258928571357,622.835555555553,14.325000000000022,17.804444444444396,11.737500000000027,18.133333333333287,22.522321428571235,17.804444444444396,18.495535714285573,18.133333333333287,0.0755685450779225,0.06043203646682225,0.12022049534968751,0.07096646205154447,0.04466372506510253,0.06043203646682225,0.07937718472786869,0.07096646205154447,0.047780603921582156,0.04878777422244462,0.04965156369922075,0.0499876527964531,0.0509006886204967,0.04878777422244462,0.049208499296983,0.0499876527964531,0.7907023846090081,0.6732490239437978,0.8052809166251115,0.6608608070671808,0.5128713163059658,0.6732490239437978,0.5731856706887898,0.6608608070671808,0.5278952205882352,0.08980049482788244,0.4704656862745098,0.12497542770783944,0.35425857843137254,0.1437865321779905,0.52734375,damaged
86.76666666666696,60.34222222222224,61.02916666666677,136.4399999999995,194.1517857142847,60.34222222222224,137.8526785714276,136.4399999999995,7.025000000000024,5.106666666666654,5.595833333333343,8.751111111111088,10.491071428571379,5.106666666666654,8.316964285714246,8.751111111111088,0.14162800036544584,0.2540603483990213,0.18182706542207766,0.11389277043167997,0.08601024350545992,0.2540603483990213,0.13994337158388567,0.11389277043167997,0.060595998217704075,0.06963750940441067,0.06194195311382704,0.056218269514104226,0.05751829788716566,0.06963750940441067,0.05854855825269591,0.056218269514104226,0.6408052730420689,0.7494041239287721,0.7818474214696977,0.44014265378594825,0.1453516935472552,0.7494041239287721,0.5153821537512991,0.44014265378594825,0.343688725490196,0.05292922517380203,0.30646446078431366,0.04486054752752081,0.24008884803921568,0.04591407156436492,0.18359375,unpaved
342.5375000000009,358.66666666666595,332.24583333333413,677.7777777777752,734.4687499999961,358.66666666666595,894.5089285714231,677.7777777777752,10.56250000000001,8.684444444444424,9.304166666666687,13.937777777777733,15.209821428571345,8.684444444444424,14.964285714285635,13.937777777777733,0.11864842564447917,0.19174436129835976,0.17385468093869177,0.10557506782630068,0.0984674427497533,0.19174436129835976,0.09377582096401896,0.10557506782630068,0.056211406513466816,0.06190394789859578,0.05496210815947041,0.0543423078250552,0.055937339670274776,0.06190394789859578,0.054767161367791,0.0543423078250552,0.7190719502515623,0.7179916088467279,0.7763962950064318,0.4680851063829789,0.2652071348236504,0.7179916088467279,0.41626900593557004,0.4680851063829789,0.3529718137254902,0.10548843766045515,0.3233609068627451,0.10286981868037352,0.25986519607843134,0.11916805232960037,0.2890625,damaged
140.6750000000003,73.44888888888875,110.4958333333335,271.9422222222215,308.00446428571195,73.44888888888875,247.8258928571408,271.9422222222215,8.74166666666668,5.493333333333313,7.579166666666686,12.61777777777774,13.334821428571324,5.493333333333313,11.950892857142767,12.61777777777774,0.1327389256699057,0.23563950807055883,0.15360367905376968,0.1018059403550818,0.09333784134667547,0.23563950807055883,0.09202903743262347,0.1018059403550818,0.05907269532815734,0.07323225357015156,0.06045257553561192,0.057176357023415655,0.05863359614537299,0.07323225357015156,0.0606387397643123,0.057176357023415655,0.6300529137633852,0.8031305751476955,0.721536911871497,0.28140491229385145,0.18060272476706443,0.8031305751476955,0.3762023396214776,0.28140491229385145,0.3808517156862745,0.06203957878848698,0.3347426470588235,0.05455341563450806,0.2603094362745098,0.053883813706218905,0.37109375,unpaved
80.54583333333338,69.87111111111105,77.56666666666678,139.49333333333288,159.0089285714276,69.87111111111105,157.09374999999883,139.49333333333288,6.512500000000015,5.53333333333332,6.233333333333343,8.311111111111083,9.160714285714226,5.53333333333332,8.629464285714231,8.311111111111083,0.15746493198449485,0.26789038281773925,0.18421122495878653,0.16396432316681045,0.12246928124030192,0.26789038281773925,0.15414255748825756,0.16396432316681045,0.06298423524096233,0.07363574011458177,0.06581487082888038,0.06363476028122791,0.06545927811881716,0.07363574011458177,0.06438484420471345,0.06363476028122791,0.6999132133520467,0.7285030729125515,0.7266954906811323,0.4641390469576527,0.3654364690591071,0.7285030729125515,0.4556787047445601,0.4641390469576527,0.350811887254902,0.0578947962987191,0.30903799019607836,0.04447312828229293,0.2423253676470588,0.042486193213647244,0.18359375,unpaved
1302.120833333337,1234.8088888888847,935.9083333333336,2620.0888888888776,3374.3973214285375,1234.8088888888847,2808.8839285714007,2620.0888888888776,25.604166666666753,23.644444444444357,21.008333333333418,37.78666666666652,42.843749999999574,23.644444444444357,38.68749999999963,37.78666666666652,0.07509105465837256,0.0565351599889996,0.07616114705058852,0.042528314846523384,0.029280926777664067,0.0565351599889996,0.049089230192549696,0.042528314846523384,0.048769582961331714,0.047868131618973214,0.04805234414446164,0.04868644955601459,0.04880181051132863,0.047868131618973214,0.04900557678593734,0.04868644955601459,0.8521090929711507,0.8610833233214323,0.8940417119774825,0.7053575178266349,0.6202386162220578,0.8610833233214323,0.6810797985326956,0.7053575178266349,0.43511029411764707,0.2307406934882528,0.4814797794117648,0.27056517962146587,0.41404718137254903,0.2889002389612726,0.7265625,damaged
74.02500000000012,39.66222222222215,67.53333333333342,128.82222222222168,147.5223214285704,39.66222222222215,120.22767857142779,128.82222222222168,6.483333333333359,4.435555555555538,5.9583333333333535,9.044444444444416,9.70982142857137,4.435555555555538,8.441964285714239,9.044444444444416,0.1632454840310868,0.2281555027457122,0.1692378793707465,0.08046684779808176,0.08012499268664688,0.2281555027457122,0.1046240321888936,0.08046684779808176,0.059292706128157,0.06592176432973901,0.0631906287004295,0.058626248703434844,0.056557408300534844,0.06592176432973901,0.056292500950528464,0.058626248703434844,0.622849524758417,0.7960526502896634,0.6666620392579072,0.346127656515405,0.2566472835004846,0.7960526502896634,0.4242065430753601,0.346127656515405,0.37717524509803924,0.046739710490681166,0.3290134803921568,0.038884446179521456,0.25830269607843137,0.03431852590283701,0.140625,unpaved
97.56666666666682,104.19111111111081,89.9083333333336,137.63999999999945,182.0758928571416,104.19111111111081,182.06696428571288,137.63999999999945,7.341666666666696,7.462222222222196,7.158333333333349,8.884444444444417,10.093749999999945,7.462222222222196,10.37053571428565,8.884444444444417,0.1688665887093908,0.14177649707988035,0.163532649525838,0.12775399822227745,0.11681183834468965,0.14177649707988035,0.118145797757124,0.12775399822227745,0.05535554273161,0.0576922443810982,0.05590169943749465,0.05488484015657067,0.05357142857142806,0.0576922443810982,0.05431037973480497,0.05488484015657067,0.8255693986628683,0.8081035113054645,0.8427068017754322,0.7499269710779266,0.6652263071871021,0.8081035113054645,0.6737441505702375,0.7499269710779266,0.32385110294117647,0.09506400914267966,0.29777879901960785,0.057369630078663754,0.2217830882352941,0.05359484032350233,0.24609375,unpaved
94.9958333333335,79.5955555555554,72.03333333333356,169.46666666666647,215.45535714285586,79.5955555555554,155.656249999999,169.46666666666647,7.304166666666684,6.644444444444439,6.116666666666692,9.866666666666635,11.491071428571377,6.644444444444439,8.968749999999954,9.866666666666635,0.14451918984481232,0.16318535237499007,0.16808942265678836,0.10027804654795783,0.07466200788321818,0.16318535237499007,0.131587869025029,0.10027804654795783,0.059511903571190364,0.063634760281228,0.060953078493032456,0.0592129448643296,0.05854855825269592,0.063634760281228,0.059644594713782896,0.0592129448643296,0.8031501636377043,0.8245837044953548,0.8474548304352673,0.6364223886764057,0.537111609546763,0.8245837044953548,0.6485423050308301,0.6364223886764057,0.32944240196078434,0.06678459885778927,0.29765625,0.06131692580633551,0.23258272058823526,0.05851667364226621,0.23046875,unpaved
595.8833333333348,434.24888888888773,376.5750000000008,1015.2711111111073,1491.6874999999905,434.24888888888773,760.9374999999944,1015.2711111111073,12.616666666666692,10.435555555555531,10.825000000000033,17.057777777777726,20.94642857142843,10.435555555555531,15.366071428571313,17.057777777777726,0.12364783566216174,0.1416959116809543,0.1285712939322156,0.08819730018882531,0.07802409056377621,0.1416959116809543,0.08733776395300107,0.08819730018882531,0.05416666666666661,0.05794846582402323,0.05311478659992482,0.053610391474732226,0.053291680296041116,0.05794846582402323,0.054218561613799114,0.053610391474732226,0.6694432579835715,0.7629825664854932,0.7879121776315887,0.44842187988249177,0.20475574199074192,0.7629825664854932,0.5407205051728007,0.44842187988249177,0.3515625,0.1168010737594091,0.3248008578431372,0.11331566248711036,0.26104473039215687,0.1332113753197178,0.30859375,damaged
73.59166666666681,34.3288888888889,63.304166666666724,152.39555555555498,169.13392857142748,34.3288888888889,151.90624999999955,152.39555555555498,6.600000000000017,4.293333333333323,5.812500000000017,9.186666666666635,9.749999999999948,4.293333333333323,8.647321428571384,9.186666666666635,0.12876308653930404,0.2342364429614125,0.1552598277371742,0.07978344921576445,0.08646500746104795,0.2342364429614125,0.10092360384148456,0.07978344921576445,0.0572063759072749,0.06425258797689301,0.05848195353174248,0.05760658398584734,0.05629250095052845,0.06425258797689301,0.0570835350560018,0.05760658398584734,0.7916128354789121,0.8926652420420724,0.8133301831939961,0.5319441898491307,0.5075486699956865,0.8926652420420724,0.530043819037675,0.5319441898491307,0.3377604166666667,0.0594122632385362,0.3114583333333333,0.05133878871001022,0.2455882352941176,0.05210971073701104,0.1484375,unpaved
276.066666666667,531.6977777777752,318.2791666666669,362.9999999999988,641.1339285714234,531.6977777777752,544.2410714285675,362.9999999999988,12.400000000000025,17.759999999999952,14.037500000000016,14.368888888888838,19.580357142856993,17.759999999999952,17.81249999999987,14.368888888888838,0.09431048836372245,0.07029289726731112,0.06550663439230271,0.07633242286924762,0.04880556783081453,0.07029289726731112,0.06312283130292841,0.07633242286924762,0.050346024889977324,0.05057691856329329,0.049913118961295536,0.050965977516354066,0.051387787648308994,0.05057691856329329,0.052348390176600236,0.050965977516354066,0.6256314249014014,0.2755715008603353,0.568805801461561,0.5041044426777522,0.1573770931505426,0.2755715008603353,0.2540077105261965,0.5041044426777522,0.24704350490196078,0.06908939247173888,0.21835171568627448,0.0804413610687054,0.21046262254901962,0.07500271418890128,0.57421875,damaged
149.254166666667,372.18222222222084,257.8083333333338,266.257777777777,355.14285714285495,372.18222222222084,562.1205357142818,266.257777777777,8.704166666666694,13.471111111111075,11.25833333333334,11.11111111111107,13.312499999999936,13.471111111111075,16.531249999999897,11.11111111111107,0.13867876175289592,0.11815777643382816,0.15329187980512035,0.1158757602749655,0.1028671334175685,0.11815777643382816,0.08467663854378817,0.1158757602749655,0.0557462006677485,0.05639367795755308,0.05582400419572603,0.056481177898394484,0.055490191493999745,0.05639367795755308,0.05366435392933565,0.056481177898394484,0.8412804599163878,0.6015833708004169,0.7202575149370792,0.7143490354583307,0.6177374034907305,0.6015833708004169,0.34918945128863105,0.7143490354583307,0.25474877450980393,0.07712749264073865,0.250796568627451,0.094228462355019,0.2055606617647059,0.062143967348417706,0.40234375,unpaved
149.3583333333335,244.09333333333274,138.17500000000018,193.02666666666624,325.566964285713,244.09333333333274,259.74107142857036,193.02666666666624,8.375000000000018,11.266666666666644,8.425000000000017,9.746666666666638,12.308035714285678,11.266666666666644,11.330357142857105,9.746666666666638,0.17086098785391599,0.11890276198161621,0.1317764276483252,0.12403596449176703,0.1334106809283067,0.11890276198161621,0.10209191854414343,0.12403596449176703,0.06088182998417696,0.05726266100766696,0.05810969033742235,0.06126243889817849,0.05897252148938785,0.05726266100766696,0.05751829788716562,0.06126243889817849,0.7711368732935763,0.6307667608467683,0.7898015087825682,0.7082388504641013,0.5123692331609616,0.6307667608467683,0.6040551694369013,0.7082388504641013,0.27322303921568625,0.0707159611300362,0.2553462009803922,0.0762872184189004,0.21107536764705884,0.04945583464258303,0.37109375,unpaved
10.350000000000001,9.373333333333331,10.041666666666671,10.991111111111108,11.43750000000001,9.373333333333331,9.982142857142845,10.991111111111108,2.458333333333334,2.279999999999999,2.508333333333334,2.5111111111111093,2.4107142857142843,2.279999999999999,2.50892857142857,2.5111111111111093,0.31809320243262884,0.36371935186864185,0.3001900995875646,0.32955835281070694,0.3213642379875937,0.36371935186864185,0.2927173543349036,0.32955835281070694,0.1389444333377756,0.13962913842137786,0.13556082070831202,0.14243040319077402,0.1371633169262251,0.13962913842137786,0.13900354890125216,0.14243040319077402,0.2719794645844682,0.30119747384046497,0.4196861248397215,0.2352203418950261,0.18210192371825754,0.30119747384046497,0.33961811388022395,0.2352203418950261,0.5707567401960784,0.011036292362923788,0.53125,0.0128711479831323,0.40168504901960794,0.010272895886073288,0.00390625,paved
28.800000000000036,73.88444444444437,73.25416666666675,84.5688888888888,53.83928571428549,73.88444444444437,77.43303571428554,84.5688888888888,4.016666666666674,6.05333333333332,5.929166666666679,6.20444444444443,5.508928571428547,6.05333333333332,6.191964285714278,6.20444444444443,0.2240138661253008,0.18489920299617718,0.18001138975690995,0.17732393188406254,0.16617670908682333,0.18489920299617718,0.1883757979726427,0.17732393188406254,0.07905694150420954,0.07633584016585629,0.07927623996016861,0.07607663452721644,0.07576144084141538,0.07633584016585629,0.07998425387128943,0.07607663452721644,0.663352577132133,0.10390864870459172,0.0916550229156125,-0.02286117298975633,0.3922899760149975,0.10390864870459172,-0.11227292552073029,-0.02286117298975633,0.27910539215686275,0.023980106449607075,0.2863664215686274,0.027951773204509513,0.20776654411764708,0.02761125126030202,0.07421875,unpaved
114.5500000000004,144.23555555555518,100.23750000000028,175.98666666666608,277.22321428571286,144.23555555555518,167.70982142857062,175.98666666666608,7.816666666666695,8.87555555555552,7.054166666666684,9.799999999999969,11.68749999999995,8.87555555555552,9.191964285714256,9.799999999999969,0.15692674284738017,0.1310055269142423,0.1716568568098044,0.11413406137367638,0.14165986400972264,0.1310055269142423,0.11860163763704061,0.11413406137367638,0.06095307849303253,0.05937950762616589,0.05951190357119045,0.057863184739073224,0.05743160861727047,0.05937950762616589,0.05854855825269635,0.057863184739073224,0.6649495922316379,0.5712896631222165,0.7033202965676839,0.4840820746892069,0.19877452976657986,0.5712896631222165,0.5093154607320813,0.4840820746892069,0.2725643382352941,0.04648211526452932,0.2684436274509804,0.056261312619970305,0.20934436274509804,0.04441382362709477,0.33984375,unpaved
17.03333333333334,17.488888888888848,20.61666666666669,20.799999999999972,20.44642857142851,17.488888888888848,29.43749999999993,20.799999999999972,3.258333333333338,3.133333333333324,3.5083333333333395,3.4844444444444376,3.6339285714285614,3.133333333333324,4.205357142857132,3.4844444444444376,0.2593318167587167,0.29964166409114457,0.24890477892376808,0.253358941816709,0.22580689504025855,0.29964166409114457,0.2259963190277338,0.253358941816709,0.08955910525085295,0.0929622251704525,0.09095366647059624,0.09032178414622917,0.09067007148031178,0.0929622251704525,0.08405433207036897,0.09032178414622917,0.7095655798268383,0.6864091505659338,0.6317792560794937,0.6273123094532425,0.6509108330883396,0.6864091505659338,0.44365790288450746,0.6273123094532425,0.3026807598039215,0.02157749802792512,0.2714613970588235,0.022653090765960417,0.21115196078431375,0.015531849401424401,0.0,unpaved
19.320833333333354,36.52888888888881,37.15000000000003,34.76888888888881,29.87946428571422,36.52888888888881,47.47767857142845,34.76888888888881,3.370833333333338,4.5377777777777775,4.37500000000001,4.244444444444442,4.102678571428563,4.5377777777777775,4.879464285714276,4.244444444444442,0.2703973926948199,0.19068687574719131,0.22554941989173533,0.2212459079611432,0.223112604513299,0.19068687574719131,0.1915815817532332,0.2212459079611432,0.08079466429027221,0.07627112134102458,0.07597742720337704,0.07575138021804141,0.07738810635428414,0.07627112134102458,0.07287869516658231,0.07575138021804141,0.7723238493161465,0.5669693332729188,0.570201229155711,0.5881803604724745,0.6320555890488307,0.5669693332729188,0.4716380619587234,0.5881803604724745,0.31931678921568624,0.030730827539763958,0.2992953431372548,0.026242360314068965,0.22032781862745102,0.020023731435645502,0.0234375,unpaved
125.03750000000039,323.46222222222116,275.03750000000036,294.1511111111097,302.4553571428546,323.46222222222116,552.0491071428528,294.1511111111097,8.254166666666686,12.928888888888851,12.012500000000022,12.506666666666618,12.830357142857062,12.928888888888851,17.165178571428452,12.506666666666618,0.1283587970298569,0.09948533745224021,0.0915521175880339,0.10168358660024643,0.09713557874459697,0.09948533745224021,0.09108299601791836,0.10168358660024643,0.055590266933859635,0.05314782552489486,0.0512855567712132,0.050381262438909266,0.05109608545651561,0.05314782552489486,0.053198103963450344,0.050381262438909266,0.8680660646794033,0.643462822086876,0.7040095603087002,0.6769754381245949,0.6758448539131694,0.643462822086876,0.39463060278919826,0.6769754381245949,0.4114276960784313,0.09979738140642802,0.37961090686274507,0.08350215017153903,0.2883578431372549,0.07323378069544202,0.46484375,unpaved
105.08333333333351,255.83999999999915,251.30000000000038,325.0311111111104,244.02678571428393,255.83999999999915,643.7455357142811,325.0311111111104,6.7583333333333595,10.693333333333308,10.391666666666687,11.37777777777777,9.91071428571421,10.693333333333308,16.879464285714167,11.37777777777777,0.1574944752273164,0.10950901319620482,0.12578919644706427,0.1331402672412532,0.12944189663576858,0.10950901319620482,0.10327677541140579,0.1331402672412532,0.05360283470945248,0.05388602512436479,0.05408647910727984,0.05434230782505522,0.052538403106873695,0.05388602512436479,0.0511935042016947,0.05434230782505522,0.907201212296083,0.7621936286862807,0.7706278501013352,0.6991647102417924,0.78397545606765,0.7621936286862807,0.37220883168834956,0.6991647102417924,0.2527113970588235,0.09748160084461542,0.23475796568627452,0.09445539596002642,0.19813112745098038,0.09240679090167438,0.30859375,unpaved
170.25416666666695,344.2711111111094,256.7500000000003,360.0622222222205,429.70089285714016,344.2711111111094,630.763392857138,360.0622222222205,7.820833333333347,12.97333333333329,11.466666666666697,12.666666666666636,12.397321428571361,12.97333333333329,17.808035714285584,12.666666666666636,0.19672286445034942,0.11455687698140975,0.12837627911815472,0.10759738913096273,0.13831772425545905,0.11455687698140975,0.08137188520132521,0.10759738913096273,0.058925565098878904,0.05586580039989538,0.055668288399530634,0.0541602560309061,0.059141255801301966,0.05586580039989538,0.05291638210325704,0.0541602560309061,0.9270847020866335,0.8522057307150606,0.8892147443273367,0.8452247647712572,0.8180235282926931,0.8522057307150606,0.7193711455070874,0.8452247647712572,0.296936274509804,0.15383211892875284,0.26253063725490194,0.12921647530345212,0.24057904411764705,0.11337157007342057,0.44921875,unpaved
179.94166666666692,292.43111111111017,213.65000000000038,370.5733333333314,462.5491071428538,292.43111111111017,496.60267857142543,370.5733333333314,8.433333333333353,11.639999999999963,10.233333333333347,12.733333333333286,13.39732142857135,11.639999999999963,15.72767857142849,12.733333333333286,0.15556024971419274,0.09136251633243211,0.12365628871088782,0.1058508818641728,0.13722400657920317,0.09136251633243211,0.10389860835909544,0.1058508818641728,0.0545658368904533,0.051639777949432024,0.052041649986653345,0.05230489909306567,0.05384972357952999,0.051639777949432024,0.0542185616137992,0.05230489909306567,0.8599702042992866,0.7782215978254274,0.8455724156001204,0.7173477583101725,0.6204833974903406,0.7782215978254274,0.6497380032100913,0.7173477583101725,0.2958180147058823,0.11057449957875833,0.2728247549019608,0.09988060393645976,0.24136029411764703,0.10190286271351712,0.390625,unpaved
106.85416666666707,235.22666666666618,258.7958333333335,377.0488888888872,252.68303571428427,235.22666666666618,510.40624999999596,377.0488888888872,7.287500000000013,11.199999999999957,11.379166666666691,13.075555555555514,10.781249999999957,11.199999999999957,16.665178571428463,13.075555555555514,0.17578312525395307,0.10173272444107825,0.10634875210042534,0.11050467546370756,0.14275287215320273,0.10173272444107825,0.06667359692814909,0.11050467546370756,0.05720637590727489,0.05533288710217183,0.05220818369225687,0.0526811981827984,0.055490191493999745,0.05533288710217183,0.052633152332819115,0.0526811981827984,0.9107574992290357,0.7834202882229688,0.772313062573928,0.6530141565046996,0.783805047995755,0.7834202882229688,0.5192323574965838,0.6530141565046996,0.3369791666666667,0.10664067093496792,0.30470281862745097,0.09497599299163242,0.2708639705882353,0.09618302079610094,0.44140625,unpaved
117.52916666666687,316.67999999999853,308.1541666666672,418.47555555555397,282.6339285714269,316.67999999999853,898.370535714278,418.47555555555397,6.97083333333334,13.17777777777773,12.87083333333337,14.333333333333279,10.508928571428513,13.17777777777773,22.79017857142841,14.333333333333279,0.20294795734459778,0.09723328970945434,0.09880397165364105,0.09166222807016465,0.1632124808353289,0.09723328970945434,0.04905054165743556,0.09166222807016465,0.06109532624422981,0.054614247677530835,0.054406520238335615,0.05397759022884917,0.06014372136297917,0.054614247677530835,0.05138778764830903,0.05397759022884917,0.9459336680410461,0.8484908015639108,0.8514872404886732,0.8008431776610323,0.8703115124888404,0.8484908015639108,0.5521269294560401,0.8008431776610323,0.256204044117647,0.1477074700772863,0.23524816176470587,0.12466674261979802,0.2097732843137255,0.11268060398939449,0.51953125,unpaved
129.8083333333338,279.03555555555477,232.12500000000082,327.7777777777767,282.4732142857122,279.03555555555477,624.1339285714243,327.7777777777767,7.750000000000023,10.439999999999975,10.091666666666676,12.044444444444403,10.544642857142787,10.439999999999975,17.116071428571317,12.044444444444403,0.13904927626417718,0.1349186912680783,0.11771501763746473,0.09815990940773396,0.13878497523122613,0.1349186912680783,0.0894700681307126,0.09815990940773396,0.05327796605226841,0.05406900026931726,0.052622212251312854,0.05221040055320301,0.053010455745704524,0.05406900026931726,0.051290737915517665,0.05221040055320301,0.8994375249894462,0.7771083889179443,0.8154561467358262,0.7391268954695871,0.7828510736781946,0.7771083889179443,0.4785070400160129,0.7391268954695871,0.23469669117647057,0.10361099152359964,0.2245098039215686,0.10038014059520493,0.18754595588235295,0.09299947556847571,0.34375,unpaved
100.21666666666688,242.79999999999924,234.85000000000048,319.35111111110996,227.42857142856985,242.79999999999924,660.2901785714233,319.35111111110996,6.9083333333333465,10.91555555555552,11.033333333333353,12.364444444444388,10.51785714285707,10.91555555555552,18.76339285714274,12.364444444444388,0.19632838560099317,0.10994839965550723,0.12939232944398754,0.14962874797715717,0.1355968847541626,0.10994839965550723,0.09965436463512693,0.14962874797715717,0.05621140651346679,0.057863184739073203,0.054724689735681974,0.05542206183706608,0.0569086999284903,0.057863184739073203,0.05412658773652691,0.05542206183706608,0.9310214223050807,0.8296250335538226,0.8375543656615768,0.7756503062531547,0.842738628152975,0.8296250335538226,0.5333188420690552,0.7756503062531547,0.19734987745098037,0.11905612715901921,0.1979626225490196,0.10344179808289876,0.1786764705882353,0.09434682829855043,0.48046875,unpaved
176.266666666667,262.8355555555547,217.68333333333405,344.1466666666659,440.36607142856894,262.8355555555547,485.09374999999756,344.1466666666659,7.975000000000029,10.559999999999974,9.658333333333355,11.613333333333312,12.874999999999936,10.559999999999974,14.281249999999936,11.613333333333312,0.1882120920108676,0.12875883863267729,0.15041244018713018,0.14222044313061127,0.116677684225375,0.12875883863267729,0.12032628973696789,0.14222044313061127,0.05424673569288139,0.05488484015657075,0.05559026693385969,0.057520796024643245,0.05557990891959212,0.05488484015657075,0.05540032877674446,0.057520796024643245,0.8164111734701132,0.6863885555303465,0.7480298251198505,0.6006145187293682,0.5398675841684598,0.6863885555303465,0.3779669337138236,0.6006145187293682,0.29267769607843136,0.08859929153895546,0.2662377450980392,0.08645151513533202,0.22988664215686272,0.09206890034880023,0.30859375,unpaved
167.3750000000002,261.026666666666,245.06250000000045,367.0399999999989,409.64732142856917,261.026666666666,495.0223214285682,367.0399999999989,8.316666666666686,10.884444444444414,10.679166666666692,12.151111111111065,12.915178571428486,10.884444444444414,15.433035714285609,12.151111111111065,0.15687780992744316,0.12398404384365301,0.12475937886357155,0.12707937169707612,0.13714292303346623,0.12398404384365301,0.08465110676315338,0.12707937169707612,0.053764532919016395,0.05533288710217191,0.05262221225131287,0.05434230782505523,0.05375711865532227,0.05533288710217191,0.05109608545651564,0.05434230782505523,0.8848787096041094,0.8169555548975939,0.8337558246806543,0.7434959519173681,0.7109412747788445,0.8169555548975939,0.6638907428944848,0.7434959519173681,0.31349571078431376,0.112666245095371,0.2861979166666667,0.10634625769099378,0.24929534313725488,0.10955655741147846,0.36328125,unpaved
135.49583333333362,174.84444444444395,152.18333333333365,294.1288888888875,345.7276785714261,174.84444444444395,408.1071428571402,294.1288888888875,7.47083333333335,9.608888888888858,8.558333333333353,11.337777777777754,11.825892857142787,9.608888888888858,14.2499999999999,11.337777777777754,0.1681530121574768,0.14581888814309035,0.14677713841573453,0.12300257695203845,0.13453259664641365,0.14581888814309035,0.09190891345482888,0.12300257695203845,0.05432668671002213,0.055154105093292494,0.05400617248673222,0.055599982236430034,0.052916382103257144,0.055154105093292494,0.053942169524975325,0.055599982236430034,0.9131603573720074,0.8849767124461455,0.8995237160782965,0.8068042807618078,0.7800017882938227,0.8849767124461455,0.7229390896323301,0.8068042807618078,0.262530637254902,0.12321515874485142,0.24237132352941176,0.10507940210282643,0.21511948529411765,0.10315968066545397,0.359375,unpaved
478.41666666666805,1143.4488888888848,687.6958333333345,946.6711111111067,1193.4642857142749,1143.4488888888848,1430.4999999999868,946.6711111111067,14.225000000000007,24.195555555555497,16.554166666666692,21.186666666666593,22.883928571428363,24.195555555555497,26.9285714285712,21.186666666666593,0.11530774889183422,0.06994370910431048,0.1044096419862083,0.0844531275683382,0.06944654346016113,0.06994370910431048,0.0645611137547521,0.0844531275683382,0.04930066485916342,0.05008634519815379,0.051285556771213166,0.05144816401240081,0.04951132368932721,0.05008634519815379,0.04981230715272583,0.05144816401240081,0.8168255437592838,0.5586959316923129,0.7252569209549019,0.6335716044611482,0.5523677825705997,0.5586959316923129,0.4167529645161971,0.6335716044611482,0.4710477941176471,0.14769480217014783,0.4561734068627451,0.13456710255338775,0.4058363970588235,0.1545521391275288,0.66796875,damaged
38.20416666666668,47.26666666666663,32.179166666666696,45.0488888888889,61.781249999999865,47.26666666666663,54.53571428571415,45.0488888888889,4.354166666666674,4.848888888888883,3.9958333333333393,4.737777777777772,5.531249999999993,4.848888888888883,5.196428571428568,4.737777777777772,0.21514136739298723,0.21692609853440942,0.27577247755330514,0.20519903942991624,0.21102805970002186,0.21692609853440942,0.18024996456928735,0.20519903942991624,0.08052561704203212,0.0792557977783423,0.08265347677032243,0.0838576100627254,0.07904433575725756,0.0792557977783423,0.07879179729786927,0.0838576100627254,0.5134233882741224,0.393365792789752,0.6118418882688416,0.43589606596498665,0.20957817248405755,0.393365792789752,0.3307021749126806,0.43589606596498665,0.3557291666666666,0.0275477650600102,0.39117647058823535,0.025172415836211305,0.3107383578431372,0.02540103283308158,0.04296875,unpaved
716.2458333333342,941.0133333333296,418.35000000000076,635.875555555553,1271.8973214285593,941.0133333333296,889.9285714285636,635.875555555553,20.779166666666747,23.72444444444436,15.36666666666669,20.106666666666577,26.433035714285452,23.72444444444436,23.267857142856926,20.106666666666577,0.05639741851446171,0.044654721663082486,0.08122653398540379,0.05054145750836431,0.038867868465678794,0.044654721663082486,0.059164997008861624,0.05054145750836431,0.04768967975941499,0.04868644955601458,0.04921254921257382,0.04909049340972099,0.04839170399258614,0.04868644955601458,0.04869960765462327,0.04909049340972099,0.6804243916882302,0.5790196935023574,0.8136352206985841,0.7139694765717485,0.44646718352998876,0.5790196935023574,0.5972636873939635,0.7139694765717485,0.4758578431372548,0.13932174355298457,0.4729319852941176,0.12674378613648576,0.4205882352941176,0.14399588026487578,0.69140625,unpaved
311.5791666666676,1123.9688888888872,744.2125000000017,484.2533333333316,762.6339285714266,1123.9688888888872,1550.254464285708,484.2533333333316,11.64583333333335,20.191111111111102,16.179166666666678,14.866666666666635,18.294642857142808,20.191111111111102,25.638392857142748,14.866666666666635,0.17213289420011776,0.13668276839305643,0.18881376725527174,0.13596721395891898,0.12443725563909248,0.13668276839305643,0.12088784303093761,0.13596721395891898,0.06256940590700509,0.06386714605866615,0.06373774391990988,0.06316742401578603,0.059056948907691656,0.06386714605866615,0.061129749721558574,0.06316742401578603,0.8009319946206602,0.3027843906500501,0.5366572085049109,0.6996395741049768,0.5141841240686919,0.3027843906500501,0.07387667588506946,0.6996395741049768,0.6083792892156863,0.10233018222165109,0.5818167892156862,0.110175103229018,0.5524509803921569,0.12886097882860983,0.453125,damaged
301.32500000000067,1036.631111111108,785.7166666666689,719.617777777775,768.3973214285668,1036.631111111108,1187.0803571428485,719.617777777775,10.700000000000005,19.351111111111067,15.908333333333342,16.7644444444444,17.415178571428484,19.351111111111067,23.366071428571292,16.7644444444444,0.1792533685313202,0.1226097221246751,0.1599824773567788,0.14426809815011998,0.11832530057065861,0.1226097221246751,0.10737680497533711,0.14426809815011998,0.059365861869895876,0.05559998223643,0.05636562191028619,0.05811865258054204,0.05812150252808675,0.05559998223643,0.05225312460142647,0.05811865258054204,0.7941017820259494,0.29035267623954136,0.4726373824313285,0.5048932202975204,0.4758760308165576,0.29035267623954136,0.19706923727693307,0.5048932202975204,0.5671415441176471,0.10254072615237883,0.548422181372549,0.10585087659459995,0.5248161764705882,0.13117587467166586,0.50390625,damaged
194.29583333333363,361.92444444444357,292.98750000000047,372.90666666666544,423.61160714285415,361.92444444444357,565.7901785714232,372.90666666666544,9.81250000000001,12.146666666666626,10.820833333333365,13.937777777777738,15.147321428571322,12.146666666666626,15.92410714285701,13.937777777777738,0.12928630714830072,0.12503313254292037,0.14911628970551405,0.09037098216977822,0.0909852061736906,0.12503313254292037,0.10803952609667525,0.09037098216977822,0.05870417834835553,0.055422061837065974,0.056365621910286066,0.05388602512436476,0.05357142857142788,0.055422061837065974,0.05566948175598112,0.05388602512436476,0.7340795919979941,0.5028620246609937,0.6043992720896725,0.4838839775643276,0.407235426886975,0.5028620246609937,0.22114795806843038,0.4838839775643276,0.5309895833333333,0.07824716365381404,0.5166973039215687,0.07280071286844443,0.48060661764705886,0.08721400863964712,0.453125,damaged
222.68333333333388,682.6222222222193,523.7625000000008,538.2933333333303,504.18303571428163,682.6222222222193,1154.8169642857035,538.2933333333303,10.550000000000013,18.844444444444363,16.4541666666667,17.7955555555555,16.013392857142726,18.844444444444363,25.808035714285516,17.7955555555555,0.12162649835497368,0.06462643728004892,0.09702766596140167,0.0822510802099462,0.06283624773560353,0.06462643728004892,0.04927196787733095,0.0822510802099462,0.050086730334047126,0.04919098582484123,0.04947642536265799,0.05125583375409219,0.050210811960722766,0.04919098582484123,0.04961185439931396,0.05125583375409219,0.8892618485684829,0.6505843719873446,0.7430699515007141,0.728104435609998,0.7471908244792966,0.6505843719873446,0.418460306862945,0.728104435609998,0.6093290441176471,0.13001388216203566,0.5848039215686275,0.12241806728898191,0.5426930147058824,0.14411362765414856,0.64453125,damaged
166.51666666666702,155.85777777777756,61.06666666666679,231.07111111111104,392.4687499999973,155.85777777777756,166.60714285714198,231.07111111111104,7.52500000000002,8.168888888888858,5.316666666666686,9.097777777777763,12.65624999999992,8.168888888888858,8.732142857142811,9.097777777777763,0.22844570908164702,0.18581563048064564,0.24046164009503496,0.21625451594933678,0.14737818798159782,0.18581563048064564,0.1659757467150908,0.21625451594933678,0.06731456008918131,0.06798692684790357,0.06984606089266757,0.0647120879047156,0.05981143306684881,0.06798692684790357,0.06461658404522327,0.0647120879047156,0.8386149085353912,0.8406116498394117,0.9397250923811172,0.7633866469988733,0.6111445576063393,0.8406116498394117,0.8255927413760551,0.7633866469988733,0.6696844362745098,0.08997315079927197,0.6180300245098038,0.09080594865714367,0.5691789215686274,0.10379343096166503,0.30078125,paved
70.63333333333352,80.35555555555536,63.60833333333348,107.5822222222219,162.5892857142847,80.35555555555536,146.98660714285623,107.5822222222219,5.791666666666689,5.9199999999999795,5.550000000000016,7.279999999999977,9.330357142857086,5.9199999999999795,8.906249999999941,7.279999999999977,0.19577009687404887,0.2170911630706428,0.2018107172772495,0.17839316814616502,0.1257984684146863,0.2170911630706428,0.14688462990097462,0.17839316814616502,0.0604525755356121,0.06269660435407028,0.06249999999999997,0.06012333003763825,0.057691285639821274,0.06269660435407028,0.05760485669894554,0.06012333003763825,0.8307584024280061,0.810619532965795,0.854266413743151,0.7467300702953278,0.5958105014912947,0.810619532965795,0.6775677648381649,0.7467300702953278,0.37598039215686274,0.05631710828771344,0.3737745098039216,0.06417404352509377,0.31001838235294116,0.05165538393416792,0.2109375,unpaved
48.73333333333343,71.6844444444443,55.44166666666668,61.80888888888884,68.23214285714263,71.6844444444443,80.33482142857117,61.80888888888884,5.150000000000009,6.448888888888868,5.833333333333343,5.9777777777777645,6.4910714285714155,6.448888888888868,6.977678571428556,5.9777777777777645,0.21171355363567576,0.1607494215105795,0.16086641895628098,0.16553353549360952,0.1483307577899473,0.1607494215105795,0.1278574294351395,0.16553353549360952,0.0748261874836166,0.07055336829505568,0.06588078458684127,0.06999118110232724,0.07016175734598946,0.07055336829505568,0.07107894342897585,0.06999118110232724,0.3751399626469472,0.09450505086294021,0.33041437299314474,0.2232123606814864,0.09948019660047215,0.09450505086294021,0.044623071724255524,0.2232123606814864,0.21015625000000004,0.024610007904340196,0.2732536764705882,0.0272397933584697,0.2091758578431373,0.025119181498058907,0.02734375,unpaved
343.3916666666675,1040.5244444444413,586.0250000000019,323.77777777777624,883.7321428571364,1040.5244444444413,1452.2098214285606,323.77777777777624,12.11666666666668,20.737777777777715,15.200000000000017,12.008888888888857,19.428571428571292,20.737777777777715,25.97767857142836,12.008888888888857,0.12348119321697854,0.07436010916513354,0.10931719036870212,0.12645837767713158,0.08132954816516796,0.07436010916513354,0.052064898024915034,0.12645837767713158,0.04965156369922074,0.050771820705759155,0.048591265790377515,0.051352088925739094,0.050802708378307714,0.050771820705759155,0.050011956478588956,0.051352088925739094,0.9020100373306288,0.7042006959690296,0.8315382718990326,0.9081089603570133,0.7522269855842529,0.7042006959690296,0.5796460425230664,0.9081089603570133,0.46744791666666674,0.16681057077630487,0.5069546568627451,0.16486972100656996,0.43340992647058824,0.1710317057840306,0.48046875,damaged
17.675000000000022,27.066666666666627,20.004166666666684,18.52444444444441,25.477678571428545,27.066666666666627,27.866071428571352,18.52444444444441,3.2083333333333393,4.106666666666663,3.5291666666666743,3.3155555555555543,4.058035714285707,4.106666666666663,4.24107142857142,3.3155555555555543,0.276559779577693,0.2079615680940051,0.24535812833092155,0.27963922833141214,0.19707967302600432,0.2079615680940051,0.19026211832364306,0.27963922833141214,0.08307250848907048,0.08116436607888741,0.07822909731466086,0.08467803948114512,0.07985957062499228,0.08116436607888741,0.07719471636513621,0.08467803948114512,0.5783174448542203,0.37016274415530376,0.5553510287601334,0.5634561906083031,0.38612587663769693,0.37016274415530376,0.3713992333829967,0.5634561906083031,0.2311121323529412,0.024729251773379996,0.2873314950980391,0.017914641968277554,0.22530637254901964,0.01658978356209214,0.0,unpaved
464.316666666668,841.737777777775,575.4416666666681,387.5066666666653,941.7946428571354,841.737777777775,1113.9553571428498,387.5066666666653,13.358333333333368,16.706666666666614,14.741666666666692,12.999999999999952,21.02678571428558,16.706666666666614,22.660714285714125,12.999999999999952,0.16255056523253494,0.16944101623643879,0.15910373411069784,0.16939433117052435,0.10568483262150268,0.16944101623643879,0.09246670215471485,0.16939433117052435,0.05590169943749467,0.05871042139387929,0.05582400419572598,0.05542206183706605,0.054676110329981084,0.05871042139387929,0.05384972357952988,0.05542206183706605,0.6900525593102755,0.4298546353244723,0.6194544998308139,0.7375445445406948,0.35556276756551647,0.4298546353244723,0.2736660800601467,0.7375445445406948,0.41490502450980393,0.09847722005761156,0.4253676470588236,0.11213650479830996,0.38869485294117645,0.12930042103077832,0.4921875,paved
53.08750000000009,62.58666666666661,52.420833333333356,75.96888888888867,86.82589285714246,62.58666666666661,83.09374999999952,75.96888888888867,5.587500000000013,6.2133333333333205,5.404166666666675,6.911111111111088,7.370535714285675,6.2133333333333205,6.941964285714249,6.911111111111088,0.17108336870097388,0.1462463190119192,0.19612373806662128,0.13222001534258024,0.13205419766101623,0.1462463190119192,0.1475859002052299,0.13222001534258024,0.06468406123441674,0.06928203230275505,0.06640573937712173,0.0634015227452757,0.0687992634259927,0.06928203230275505,0.0637627538262749,0.0634015227452757,0.47368706408126415,0.3674900106361573,0.48702157482833836,0.2426434700208672,0.10060264661608805,0.3674900106361573,0.15160967930946315,0.2426434700208672,0.2107230392156863,0.028666976704789186,0.27299325980392153,0.02950018861222482,0.21308210784313728,0.02745438242115051,0.03515625,unpaved
50.741666666666795,93.6666666666666,62.491666666666795,73.49333333333327,88.86160714285685,93.6666666666666,95.45535714285685,73.49333333333327,5.333333333333347,7.26666666666665,5.85000000000001,6.302222222222208,7.218749999999983,7.26666666666665,7.321428571428553,6.302222222222208,0.1748315738560555,0.13500943692624448,0.1775321026201944,0.13394047308209078,0.1338565306994621,0.13500943692624448,0.14694569441637698,0.13394047308209078,0.06737900678665104,0.06629526173411672,0.06789237807000141,0.06842135252595835,0.06523053212590366,0.06629526173411672,0.06659122272400113,0.06842135252595835,0.573111043534576,0.19706978624509702,0.4451266528566988,0.3703096053933424,0.2553205792363027,0.19706978624509702,0.17188197544884107,0.3703096053933424,0.21571691176470592,0.02977914384511933,0.2768535539215686,0.03184912849482431,0.21371017156862748,0.02747285115904028,0.09375,unpaved
66.47083333333346,121.7777777777774,65.31250000000018,92.82222222222201,169.2008928571413,121.7777777777774,129.2455357142849,92.82222222222201,6.137500000000013,7.991111111111093,5.479166666666678,7.088888888888873,10.191964285714205,7.991111111111093,7.566964285714245,7.088888888888873,0.17205024597719337,0.13740115915915327,0.24838127106212637,0.12779400835427515,0.07611580135938514,0.13740115915915327,0.17358895487262044,0.12779400835427515,0.05735791624140069,0.05962847939999406,0.06387379048648283,0.0588784057755186,0.056733326014012,0.05962847939999406,0.0584633966683423,0.0588784057755186,0.8801189098226467,0.7789682301518315,0.8879913091736252,0.8322395966103294,0.6824241838885139,0.7789682301518315,0.7750563688096218,0.8322395966103294,0.2708946078431373,0.08748332814065958,0.313250612745098,0.061764339252408394,0.23921568627450981,0.049228720639418674,0.1875,unpaved
147.9666666666668,222.51111111111064,128.79583333333372,208.8355555555553,380.81696428571075,222.51111111111064,301.3035714285686,208.8355555555553,9.616666666666674,11.897777777777739,8.779166666666676,11.119999999999964,15.843749999999856,11.897777777777739,13.910714285714166,11.119999999999964,0.09877539244427497,0.07969551520415738,0.10959016407923947,0.08701519482333839,0.06283038937660439,0.07969551520415738,0.06286959444623351,0.08701519482333839,0.04973890160963875,0.050381262438909294,0.05017331074496781,0.05135208892573905,0.05021081196072261,0.050381262438909294,0.049912231640619795,0.05135208892573905,0.9166853311878518,0.8746768140922287,0.930605653975489,0.8842517526077754,0.7773116158648574,0.8746768140922287,0.8380219952775674,0.8842517526077754,0.2727328431372549,0.14453542501659247,0.3153799019607843,0.11353316794113896,0.25652573529411765,0.09026668610976823,0.5390625,unpaved
68.22083333333339,153.50666666666618,98.95833333333347,76.55999999999986,133.62946428571308,153.50666666666618,196.7633928571409,76.55999999999986,6.379166666666685,10.36888888888887,8.175000000000033,6.595555555555531,9.459821428571372,10.36888888888887,11.3169642857142,6.595555555555531,0.15232884518707662,0.07352304873651491,0.10092717154328498,0.16353859974164656,0.08964295510055227,0.07352304873651491,0.08856616884387379,0.16353859974164656,0.052869073085206275,0.05296166794583516,0.052456992966725624,0.05559998223642993,0.053571428571428,0.05296166794583516,0.05301045574570442,0.05559998223642993,0.890013024972236,0.7556515603875296,0.8469508665561379,0.8778757421399622,0.7807342266252305,0.7556515603875296,0.6973449892053774,0.8778757421399622,0.2579044117647059,0.08774576127337248,0.3102481617647058,0.0663386333955595,0.24577205882352943,0.05177572802802104,0.234375,unpaved
640.1250000000009,955.2666666666646,745.7791666666674,1078.4622222222188,1378.7276785714173,955.2666666666646,1539.5892857142728,1078.4622222222188,17.475000000000062,21.844444444444367,18.695833333333397,22.95999999999993,26.004464285714082,21.844444444444367,28.66964285714261,22.95999999999993,0.11131677842677554,0.08503925293317023,0.10250518039359088,0.08915934241770525,0.0639707053936601,0.08503925293317023,0.06196905630215549,0.08915934241770525,0.04947642536265802,0.04949123878071117,0.05008673033404714,0.050381262438909336,0.049511323689327286,0.04949123878071117,0.04890379977724653,0.050381262438909336,0.8571401903360768,0.7912154788172618,0.841094553626845,0.7649489609103927,0.6890301524310787,0.7912154788172618,0.678152198486916,0.7649489609103927,0.5111519607843137,0.18521884656180096,0.5130821078431373,0.1851295288724411,0.4561427696078431,0.21198548697303932,0.68359375,paved
928.8291666666679,983.106666666664,450.77916666666806,1206.6844444444403,2048.8348214285515,983.106666666664,812.6026785714212,1206.6844444444403,21.920833333333402,22.53777777777767,13.94583333333335,25.697777777777667,35.03124999999968,22.53777777777767,20.700892857142666,25.697777777777667,0.07641442474985986,0.07490441189946616,0.1109285157396612,0.06192200791034808,0.037055347861143,0.07490441189946616,0.07392109079960166,0.06192200791034808,0.04805234414446165,0.0489897948556634,0.04982608642958914,0.04858491357572305,0.04859718985954693,0.0489897948556634,0.04859718985954695,0.04858491357572305,0.7174254050952944,0.6972432633546121,0.8612274899185638,0.6308839985152304,0.3745546308837798,0.6972432633546121,0.7500268032152551,0.6308839985152304,0.5060508578431373,0.15264011015637705,0.47630208333333335,0.16092950002489465,0.43576899509803924,0.1717305339163088,0.7109375,damaged
574.2958333333346,1060.5822222222205,719.9291666666671,963.7866666666642,1180.2544642857042,1060.5822222222205,1492.1830357142735,963.7866666666642,15.279166666666699,22.359999999999907,16.8291666666667,19.653333333333308,23.075892857142684,22.359999999999907,25.665178571428346,19.653333333333308,0.12910986465232602,0.07323733430295541,0.09042391124621957,0.07417920440381207,0.08177541345958599,0.07323733430295541,0.05574502410562318,0.07417920440381207,0.05170697352496183,0.051159397480983505,0.049564071889042945,0.05183068350973573,0.05187031267242026,0.051159397480983505,0.049208499296982997,0.05183068350973573,0.8754964228995489,0.7607035223451135,0.8350150149735557,0.7820943652423699,0.74460418041196,0.7607035223451135,0.6407971378807633,0.7820943652423699,0.6201593137254902,0.1828991361278109,0.6064950980392156,0.1879599558339927,0.5670496323529411,0.19878094066652785,0.5859375,damaged
61.420833333333526,50.973333333333265,43.54583333333342,93.37777777777757,124.01339285714184,50.973333333333265,86.42857142857096,93.37777777777757,6.179166666666683,5.7555555555555395,5.254166666666686,7.679999999999974,9.031249999999936,5.7555555555555395,7.196428571428533,7.679999999999974,0.13820777514393448,0.147324104635522,0.1734376420094883,0.11971394980390375,0.11806570100492506,0.147324104635522,0.13204421718161993,0.11971394980390375,0.058851862049273,0.061020134301092925,0.05943892757369621,0.0555110933190966,0.05412658773652688,0.061020134301092925,0.05751829788716519,0.0555110933190966,0.7016639983444893,0.7489728097044105,0.7865430754727378,0.5390756767097417,0.38475602928355546,0.7489728097044105,0.579695626688335,0.5390756767097417,0.5383731617647058,0.040403416413360045,0.48840379901960784,0.04025396906104545,0.41294424019607845,0.04172130201405231,0.11328125,unpaved
230.94166666666706,123.69777777777732,191.43333333333362,385.4488888888871,411.995535714282,123.69777777777732,364.4642857142823,385.4488888888871,10.950000000000024,8.30222222222219,10.275000000000007,14.719999999999944,14.950892857142742,8.30222222222219,14.59821428571417,14.719999999999944,0.10654143003074512,0.1190913174999138,0.12007381826239939,0.07090868428077046,0.07525306296960325,0.1190913174999138,0.05527052427283076,0.07090868428077046,0.05086064839889035,0.05305482838361454,0.051622965389016014,0.05057691856329334,0.05167784331602724,0.05305482838361454,0.05099848061962377,0.05057691856329334,0.802809833572546,0.8960925819707438,0.8393154000395953,0.675483151070768,0.6488849164415244,0.8960925819707438,0.6986673042418252,0.675483151070768,0.32579656862745093,0.10018918256338907,0.3463848039215686,0.09299280513435981,0.2806985294117647,0.09661354257430088,0.32421875,unpaved
1206.5416666666692,2009.8177777777673,1294.9500000000035,1896.257777777769,2537.156249999977,2009.8177777777673,2889.9241071428382,1896.257777777769,22.333333333333417,32.21777777777762,24.408333333333402,31.502222222222073,35.647321428571175,32.21777777777762,39.64732142857118,31.502222222222073,0.10496379728448985,0.04932527040415449,0.10003936806541869,0.04685985471208951,0.059694633716433326,0.04932527040415449,0.05413136019091072,0.04685985471208951,0.05060399083954631,0.05047918529600221,0.05043216015379254,0.050283148884376495,0.049511323689327265,0.05047918529600221,0.05060617878908275,0.050283148884376495,0.7374346612905311,0.5537935760530307,0.7011676809310406,0.578763848452688,0.4630249864091014,0.5537935760530307,0.341773971656365,0.578763848452688,0.5736366421568627,0.17778670923954745,0.5234681372549019,0.18612738279897226,0.4646139705882353,0.203597242113658,0.73828125,damaged
72.92083333333338,116.9333333333328,100.38750000000032,141.8755555555549,155.7812499999989,116.9333333333328,235.24107142856957,141.8755555555549,6.562500000000016,8.373333333333308,7.4791666666666865,9.671111111111081,9.781249999999954,8.373333333333308,12.04464285714277,9.671111111111081,0.15218432504739754,0.11849554945433537,0.1398013515343947,0.07386220023565396,0.11755444386713607,0.11849554945433537,0.07549503554354202,0.07386220023565396,0.053359368645273755,0.05506449641495028,0.053440647243252724,0.05416025603090617,0.05301045574570452,0.05506449641495028,0.051677843316027296,0.05416025603090617,0.8427741764827517,0.7222987392393266,0.7659802095049247,0.6641602301410354,0.6671146813831329,0.7222987392393266,0.44028334235098515,0.6641602301410354,0.40788909313725497,0.05445202805249388,0.5106464460784313,0.06486777115139479,0.3728094362745098,0.059178804117241204,0.328125,unpaved
83.25833333333351,87.24444444444427,137.85833333333366,160.50666666666618,156.5580357142849,87.24444444444427,148.94642857142756,160.50666666666618,7.141666666666681,7.119999999999975,8.675000000000027,9.448888888888858,9.522321428571383,7.119999999999975,9.419642857142813,9.448888888888858,0.13230489698482048,0.14970657401906964,0.12393032019038999,0.12094180750600057,0.07812768153316926,0.14970657401906964,0.10976062023431857,0.12094180750600057,0.05929270612815706,0.05896221849520677,0.06038073644245596,0.061262438898178465,0.06014372136297975,0.05896221849520677,0.05930951006958171,0.061262438898178465,0.5547272624632684,0.49169939677173446,0.2306080903662258,0.09624122033822916,0.1315761530614588,0.49169939677173446,0.1499122787860257,0.09624122033822916,0.433639705882353,0.060206594723523556,0.4342218137254903,0.0379552807413773,0.3452205882352941,0.042188022854777546,0.1328125,unpaved
283.63333333333406,452.44888888888664,345.87500000000085,508.91555555555317,720.9999999999936,452.44888888888664,670.2187499999936,508.91555555555317,11.600000000000026,15.391111111111043,12.858333333333348,15.617777777777723,19.330357142856997,15.391111111111043,18.49553571428557,15.617777777777723,0.11122434954261298,0.0955149371591931,0.11217528484186723,0.115675741211722,0.05455611213206602,0.0955149371591931,0.07404739437473885,0.115675741211722,0.05170697352496183,0.05192587309132383,0.05237418787490213,0.051639777949431996,0.05090068862049668,0.05192587309132383,0.04951132368932723,0.051639777949431996,0.8607288520680522,0.7709679746729965,0.8235458890427596,0.7435428697704032,0.6539756198882427,0.7709679746729965,0.6523289270479686,0.7435428697704032,0.3006280637254902,0.14612107746889322,0.26692708333333337,0.11852356066324816,0.23066789215686276,0.11395971231445542,0.5546875,unpaved
313.62083333333425,721.1777777777746,503.07500000000175,568.2977777777754,667.3482142857076,721.1777777777746,1277.0089285714164,568.2977777777754,13.004166666666677,19.35555555555546,15.541666666666677,17.977777777777728,19.419642857142698,19.35555555555546,25.696428571428353,17.977777777777728,0.07598895870078015,0.06022882104012384,0.09029153345730367,0.0649581570822207,0.06869220815963097,0.06022882104012384,0.0596289911417061,0.0649581570822207,0.048769582961331756,0.0487877742224446,0.04921254921257377,0.0486864495560146,0.048801810511328654,0.0487877742224446,0.04961185439931392,0.0486864495560146,0.9025055678219016,0.7720210998231597,0.8405162459538947,0.8208860241006782,0.7918804880362404,0.7720210998231597,0.5878633172109438,0.8208860241006782,0.3776654411764706,0.13466040363245854,0.4308823529411765,0.16565110138319514,0.3325674019607843,0.18541796008889486,0.6640625,unpaved
431.24583333333425,620.7466666666644,578.1666666666683,741.2622222222192,853.901785714279,620.7466666666644,938.5892857142776,741.2622222222192,14.695833333333363,18.577777777777722,17.00000000000005,19.893333333333267,21.732142857142684,18.577777777777722,22.63392857142837,19.893333333333267,0.09578434675107311,0.04147420877164878,0.07087978039644005,0.07380625719578288,0.05764385354661065,0.04147420877164878,0.06392469788675972,0.07380625719578288,0.0503460248899773,0.05018484351393851,0.05060399083954624,0.05047918529600221,0.050507627227610014,0.05018484351393851,0.050802708378307644,0.05047918529600221,0.6814319980372233,0.5516637503094093,0.5671076590138808,0.4613680600204639,0.3938479552277912,0.5516637503094093,0.30713669569745145,0.4613680600204639,0.3154411764705882,0.09886873333942073,0.3576286764705882,0.1027227591736453,0.2514705882352941,0.10038851862280009,0.59375,unpaved
492.1833333333341,1129.7333333333302,900.6791666666679,1021.6311111111082,1168.3214285714191,1129.7333333333302,1402.2276785714168,1021.6311111111082,16.258333333333372,22.053333333333278,20.754166666666727,23.65777777777766,24.57142857142835,22.053333333333278,26.790178571428353,23.65777777777766,0.08290327865833626,0.060400100624497535,0.05785423310953461,0.03365806079021705,0.037903274954163416,0.060400100624497535,0.06495132112878495,0.03365806079021705,0.04956407188904295,0.051639777949431996,0.049913118961295536,0.04969039949999512,0.049812307152725825,0.051639777949431996,0.05011148285857908,0.04969039949999512,0.6417079626485417,0.19288941967997453,0.33422846559740843,0.26304633192637195,0.17550607722485684,0.19288941967997453,-0.16908685079093222,0.26304633192637195,0.365609681372549,0.10123332423032261,0.3951133578431373,0.10200363685582041,0.28935355392156864,0.11472452075240862,0.671875,unpaved
392.2958333333338,775.5911111111083,460.8208333333348,502.32444444444235,774.571428571422,775.5911111111083,1042.2812499999911,502.32444444444235,14.17916666666669,19.49333333333328,14.220833333333365,16.164444444444385,20.651785714285555,19.49333333333328,22.816964285714114,16.164444444444385,0.09563712916798527,0.06537165743850808,0.11454844799572932,0.09223941845427157,0.05783105979457314,0.06537165743850808,0.05767449107246424,0.09223941845427157,0.050173310744967815,0.04939135726865062,0.05068968775248508,0.050868991743375745,0.04961185439931393,0.04939135726865062,0.04991223164061978,0.050868991743375745,0.7187727973120458,0.42712660842926276,0.6690693679354571,0.6255337680847035,0.4563772220929003,0.42712660842926276,0.2570671855909389,0.6255337680847035,0.381234681372549,0.10578619441989437,0.414874387254902,0.10574156266465856,0.2908700980392157,0.10808696741842314,0.609375,unpaved
408.62500000000045,714.8622222222191,493.00416666666774,465.4133333333316,806.450892857136,714.8622222222191,939.6874999999931,465.4133333333316,15.12500000000003,20.942222222222142,16.104166666666703,14.346666666666609,22.441964285714104,20.942222222222142,24.02678571428552,14.346666666666609,0.09059242523631064,0.045349312575247165,0.0758764011140933,0.1312637175974053,0.06346468774090475,0.045349312575247165,0.03186598336529766,0.1312637175974053,0.04982608642958913,0.04959091912093625,0.048142583367880576,0.05342584568964999,0.05050762722761001,0.04959091912093625,0.04991223164061981,0.05342584568964999,0.5694786702186628,0.2738740401727941,0.49320444369325395,0.5272045956542838,0.15841325468425796,0.2738740401727941,0.06933293708887595,0.5272045956542838,0.3547487745098039,0.08587516525756293,0.4047640931372549,0.08544652810014502,0.30413602941176476,0.09057068493749829,0.6171875,unpaved
832.7875000000012,1043.1066666666638,1022.3666666666686,1635.9199999999928,1922.406249999982,1043.1066666666638,1820.6830357142658,1635.9199999999928,22.020833333333368,24.59111111111101,23.24166666666673,31.653333333333194,34.50446428571399,24.59111111111101,32.71874999999969,31.653333333333194,0.07530552931837896,0.05515108146846135,0.04853664665326243,0.026075448019563928,0.02755358887152435,0.05515108146846135,0.03620819560193729,0.026075448019563928,0.04714045207910318,0.04878777422244458,0.04686342449667499,0.048074017006186354,0.048391703992586126,0.04878777422244458,0.047665527910853635,0.048074017006186354,0.7866198085061018,0.7300928233940476,0.7374125570908765,0.5746834593530493,0.5070851328956165,0.7300928233940476,0.5071367954690872,0.5746834593530493,0.45516237745098037,0.17961453756939114,0.4823376225490197,0.17121409379188146,0.37922794117647063,0.1762259056521051,0.7890625,unpaved
379.80833333333385,767.3511111111077,436.4333333333339,189.5111111111105,764.9508928571363,767.3511111111077,819.7678571428515,189.5111111111105,14.025000000000027,20.968888888888817,15.016666666666701,9.475555555555532,21.513392857142712,20.968888888888817,22.01785714285697,9.475555555555532,0.11208794486728398,0.06144287664240214,0.0973353979163082,0.1432416661911007,0.07187484818878204,0.06144287664240214,0.04392538720710336,0.1432416661911007,0.05128555677121315,0.05047918529600219,0.04894725051862801,0.05333333333333306,0.05060617878908267,0.05047918529600219,0.05040888299391117,0.05333333333333306,0.6039382696555108,0.21588292468988995,0.5412904403283763,0.8064713370615748,0.22518034050787844,0.21588292468988995,0.1464898818207014,0.8064713370615748,0.37426470588235294,0.08848582352565554,0.4226715686274509,0.08432788512542591,0.3168198529411765,0.08726474986251538,0.578125,unpaved
395.6625000000004,728.653333333331,618.1791666666674,741.7155555555535,826.950892857135,728.653333333331,1404.0178571428435,741.7155555555535,14.270833333333334,20.146666666666597,18.754166666666716,20.50666666666661,21.18303571428552,20.146666666666597,28.848214285714032,20.50666666666661,0.08248455608758438,0.06722407977894335,0.05983509501564731,0.03897697632542677,0.07346416932721007,0.06722407977894335,0.039293764151480816,0.03897697632542677,0.0490358428997492,0.049190985824841264,0.04787135538781691,0.04929127336181944,0.05021081196072263,0.049190985824841264,0.04869960765462324,0.04929127336181944,0.7641899426019678,0.5836858311511013,0.6375572577469125,0.5761195649346855,0.5224115801036279,0.5836858311511013,0.20595945194881363,0.5761195649346855,0.3285998774509804,0.10825290559413914,0.36816789215686274,0.11401946147309701,0.2636642156862745,0.11497891961040949,0.671875,unpaved
373.9958333333339,301.50222222222055,251.81250000000017,605.1288888888881,815.8616071428503,301.50222222222055,554.7321428571389,605.1288888888881,13.687499999999996,12.071111111111087,11.195833333333331,17.955555555555506,20.709821428571267,12.071111111111087,17.232142857142758,17.955555555555506,0.10430541803971952,0.11384362467444104,0.11400239991430221,0.07125929800902313,0.0836462497682263,0.11384362467444104,0.08090440502570374,0.07125929800902313,0.052291251658379674,0.05183068350973575,0.050860648398890373,0.053518198127965495,0.051581339322728674,0.05183068350973575,0.0529163821032571,0.053518198127965495,0.7598763186076049,0.8050864735908523,0.8423424766214953,0.608049816049349,0.45550099533771077,0.8050864735908523,0.654495498140231,0.608049816049349,0.4471047794117647,0.10349319917188372,0.4967218137254902,0.11417968100304718,0.3876072303921569,0.12023312570634523,0.54296875,unpaved
161.70833333333354,239.6399999999994,137.27916666666695,230.36888888888834,260.236607142855,239.6399999999994,296.01339285714084,230.36888888888834,9.308333333333348,11.799999999999967,8.83750000000002,11.551111111111064,12.28124999999991,11.799999999999967,12.897321428571347,11.551111111111064,0.11647192149756695,0.08119545490037092,0.1277891752322744,0.10989892254198837,0.07557848291032236,0.08119545490037092,0.10849030787430507,0.10989892254198837,0.0523741878749021,0.054069000269317206,0.055041020056762036,0.055243568420693244,0.05196628003045844,0.054069000269317206,0.052916382103257054,0.055243568420693244,0.7125604633990457,0.5467593448668135,0.7444210277062254,0.5674400048409944,0.5425590987438603,0.5467593448668135,0.42364550552206703,0.5674400048409944,0.40018382352941173,0.061979007649568714,0.38602941176470584,0.06937140526551348,0.3026654411764706,0.06699912345451324,0.40625,unpaved
431.212500000001,557.1288888888869,154.74583333333337,452.8044444444423,1025.7499999999902,557.1288888888869,329.90178571428294,452.8044444444423,13.94583333333335,16.28444444444438,7.787500000000023,14.893333333333292,22.464285714285488,16.28444444444438,12.017857142857055,14.893333333333292,0.09523706538046965,0.056825598123886115,0.1624550874808202,0.06440353408240083,0.048949767483647225,0.056825598123886115,0.11934521351024698,0.06440353408240083,0.04973890160963878,0.050674463337739256,0.05253966755382702,0.050674463337739284,0.04849455576428619,0.050674463337739256,0.051290737915517595,0.050674463337739284,0.8438000857759264,0.7948726590319906,0.944855875130855,0.8348511329201582,0.6134883558370519,0.7948726590319906,0.8826310311855126,0.8348511329201582,0.5919577205882353,0.10998986899029424,0.55234375,0.16034115506447497,0.4404105392156863,0.2043924019804763,0.4765625,paved
689.841666666668,1347.2355555555496,695.9333333333336,860.5999999999981,1641.9598214285554,1347.2355555555496,1480.3437499999873,860.5999999999981,19.916666666666746,28.613333333333205,20.325000000000063,22.866666666666536,31.83482142857115,28.613333333333205,31.004464285714025,22.866666666666536,0.05099852467146633,0.049120515631620836,0.055334483065169554,0.04672769473247475,0.030126860343478796,0.049120515631620836,0.04550481277821688,0.04672769473247475,0.04704829079431758,0.04858491357572301,0.047689679759414974,0.04838120234906037,0.04900557678593734,0.04858491357572301,0.04849455576428622,0.04838120234906037,0.6794999309472916,0.3701621893449602,0.6786083547800161,0.5979676601574568,0.22564608068004713,0.3701621893449602,0.3258143388291665,0.5979676601574568,0.4968443627450981,0.12168524864987786,0.44810049019607845,0.1316945172746015,0.36564031862745094,0.13974553634939246,0.83203125,damaged
605.0750000000018,1149.5511111111068,646.7500000000013,1018.0888888888855,1424.1294642857013,1149.5511111111068,1661.3883928571254,1018.0888888888855,16.100000000000044,21.94222222222213,15.716666666666692,21.41333333333326,25.22767857142837,21.94222222222213,26.218749999999762,21.41333333333326,0.11889983238302308,0.10194084306766492,0.10059965090529557,0.10637772926558603,0.07968637598619924,0.10194084306766492,0.084065948518849,0.10637772926558603,0.0511160172766053,0.05305482838361448,0.0517908453944001,0.050868991743375745,0.0509984806196238,0.05305482838361448,0.05225312460142627,0.050868991743375745,0.8469376018395566,0.7168211858497014,0.8368379212973879,0.7479376572921449,0.6516112853483789,0.7168211858497014,0.59111646480458,0.7479376572921449,0.4581801470588236,0.18067883852629923,0.4109068627450981,0.17301486907264066,0.3239736519607843,0.1571903584897254,0.609375,paved
352.2291666666675,1106.742222222219,803.420833333334,882.1555555555525,694.0535714285656,1106.742222222219,1853.0937499999804,882.1555555555525,13.162500000000025,23.42666666666655,19.212500000000038,21.53333333333325,18.32142857142843,23.42666666666655,31.45982142857114,21.53333333333325,0.12154136230599566,0.08276231505038677,0.10584967569363275,0.0817035767905093,0.09020409647254561,0.08276231505038677,0.04778324698979508,0.0817035767905093,0.05179084539440011,0.05086899174337577,0.050086730334047064,0.05086899174337576,0.05225312460142634,0.05086899174337577,0.04961185439931393,0.05086899174337576,0.9194012634639742,0.745692747381552,0.8138560213549916,0.7975151874576031,0.8416143654994481,0.745692747381552,0.5628720832688598,0.7975151874576031,0.5017003676470588,0.18965613915237417,0.460906862745098,0.18294261966677447,0.38469669117647054,0.16528161488345483,0.64453125,paved
116.50000000000028,168.53777777777748,96.78333333333346,134.7155555555551,244.0535714285696,168.53777777777748,151.33035714285614,134.7155555555551,8.400000000000011,9.719999999999976,6.858333333333347,8.955555555555529,12.812499999999913,9.719999999999976,9.062499999999943,8.955555555555529,0.11966029137965495,0.11896398284581164,0.1618262765849863,0.09926152190362056,0.049703141558772354,0.11896398284581164,0.12267237836432751,0.09926152190362056,0.055198505414548994,0.0586262487034349,0.059802917060030436,0.056916659888291685,0.054767161367790945,0.0586262487034349,0.05620392103577705,0.056916659888291685,0.4875225675192682,0.25761954222384154,0.579689960727877,0.40732411898559395,-0.07865656272929607,0.25761954222384154,0.34617265070750197,0.40732411898559395,0.2953737745098039,0.043159345930350014,0.28451286764705885,0.043886472105930635,0.21698835784313725,0.04061739484883781,0.265625,unpaved
352.4416666666672,1444.5955555555495,1521.5583333333386,1974.1466666666595,965.7098214285637,1444.5955555555495,3723.955357142819,1974.1466666666595,12.233333333333361,28.604444444444294,29.150000000000095,34.226666666666524,21.62053571428556,28.604444444444294,49.83035714285667,34.226666666666524,0.1149876609058678,0.04239159918326257,0.0637601812268165,0.02474308828950351,0.05778100595728805,0.04239159918326257,0.021064804427106794,0.02474308828950351,0.049035842899749216,0.04848316495393631,0.04796193513842225,0.04807401700618635,0.04890379977724651,0.04848316495393631,0.04766552791085363,0.04807401700618635,0.9297112087352011,0.705654124243638,0.6981504176637453,0.6001339939473666,0.8012043399964252,0.705654124243638,0.2512811569218793,0.6001339939473666,0.5628216911764706,0.18868377154500768,0.5212469362745098,0.20226058044261763,0.43157169117647065,0.21092026222427607,0.8359375,paved
613.9083333333342,998.7644444444413,555.9250000000019,648.2177777777754,1446.977678571417,998.7644444444413,1298.5892857142746,648.2177777777754,17.34166666666672,21.999999999999922,17.308333333333355,19.106666666666598,27.45982142857122,21.999999999999922,26.624999999999766,19.106666666666598,0.08530613779047812,0.0437833533972366,0.06839004972894645,0.05762575811917927,0.056387988900945644,0.0437833533972366,0.05159728792899867,0.05762575811917927,0.049035842899749195,0.04949123878071109,0.04814258336788059,0.04939135726865061,0.04951132368932725,0.04949123878071109,0.04920849929698303,0.04939135726865061,0.7024095779608018,0.5044225983636231,0.7255716041280602,0.6804071848551108,0.3008169106896093,0.5044225983636231,0.35643947932985787,0.6804071848551108,0.4719975490196078,0.11894124190176662,0.4211856617647059,0.1296820091709107,0.3293045343137255,0.1326043383560841,0.66015625,unpaved
261.55416666666724,825.1866666666648,1014.9083333333356,1458.4844444444373,689.5714285714233,825.1866666666648,2710.1741071428296,1458.4844444444373,10.220833333333344,19.115555555555478,20.258333333333386,25.515555555555462,17.267857142857007,19.115555555555478,36.843749999999645,25.515555555555462,0.13879707190956708,0.08664441285534911,0.0896966451571143,0.07214500013554424,0.07988659898340343,0.08664441285534911,0.04290391797908547,0.07214500013554424,0.050346024889977366,0.0502831488843765,0.048680506023116334,0.049391357268650654,0.05080270837830775,0.0502831488843765,0.0479780920986707,0.049391357268650654,0.9324729903357394,0.782206247998069,0.7383269393319076,0.6176232074191536,0.8182220424800312,0.782206247998069,0.2951985098079254,0.6176232074191536,0.4993566176470589,0.1562347857596705,0.4552696078431373,0.1810121203440729,0.3859987745098039,0.19220667846282236,0.59375,paved
49.545833333333434,79.2577777777775,69.57083333333347,98.31999999999958,121.87946428571342,79.2577777777775,123.48660714285612,98.31999999999958,5.304166666666694,6.662222222222208,6.329166666666678,7.715555555555534,8.450892857142811,6.662222222222208,8.602678571428513,7.715555555555534,0.1803727868250704,0.15228168410698206,0.1384798565250541,0.13174198941470552,0.11241136161730399,0.15228168410698206,0.10203727228006854,0.13174198941470552,0.05973029661179761,0.05726266100766692,0.055824004195725994,0.055064496414950176,0.05503941074079385,0.05726266100766692,0.05412658773652687,0.055064496414950176,0.8742425015917221,0.7961491460166126,0.829528918194082,0.7473555178819773,0.6817815500888855,0.7961491460166126,0.6878078353125748,0.7473555178819773,0.3181219362745098,0.06611982238341244,0.2903033088235294,0.057483097971427304,0.2193627450980392,0.036804716790222125,0.1640625,unpaved
478.83333333333485,938.079999999998,649.4541666666673,921.5199999999979,1109.3571428571322,938.079999999998,1249.7812499999884,921.5199999999979,15.96666666666669,22.595555555555453,19.287500000000044,23.671111111111042,25.026785714285534,22.595555555555453,27.495535714285488,23.671111111111042,0.07961952040992358,0.060832309188112554,0.05631752577465978,0.0705996033192742,0.06131996135723692,0.060832309188112554,0.056263516743498145,0.0705996033192742,0.048858497498160715,0.048989794855663335,0.049476425362657936,0.050965977516354066,0.049107142857142384,0.048989794855663335,0.049812307152725784,0.050965977516354066,0.7767371414806464,0.5533027928190801,0.6889248997425022,0.558869334331864,0.47460712838139557,0.5533027928190801,0.4067758556323674,0.558869334331864,0.5208792892156863,0.1278333935419631,0.47196691176470584,0.1284108742096252,0.38851102941176474,0.13634342275914335,0.73046875,paved
73.15416666666687,77.56444444444438,35.82916666666666,85.32444444444432,162.99107142857076,77.56444444444438,64.30357142857129,85.32444444444432,6.4541666666666835,6.559999999999985,4.029166666666672,6.879999999999986,9.660714285714256,6.559999999999985,5.383928571428563,6.879999999999986,0.16354196024062556,0.1671475908801778,0.2584329721123104,0.1700373044568267,0.12251348485715831,0.1671475908801778,0.2500748613533141,0.1700373044568267,0.0660781313631405,0.06885303726590956,0.08057949835755727,0.06674069963413863,0.06453942988750407,0.06885303726590956,0.07232969529473039,0.06674069963413863,0.640665358528976,0.6097495527728083,0.8496987015232408,0.5767187938207838,0.11623053667805791,0.6097495527728083,0.7255226560422421,0.5767187938207838,0.3881587009803922,0.05248470050853452,0.33848039215686276,0.040277446338903324,0.2536764705882353,0.04022670401938215,0.171875,unpaved
86.55416666666684,118.89333333333292,60.72916666666678,129.8799999999995,189.71428571428447,118.89333333333292,141.57589285714246,129.8799999999995,7.012500000000023,7.95111111111108,4.937500000000018,8.368888888888865,11.089285714285664,7.95111111111108,7.058035714285696,8.368888888888865,0.15374928338568863,0.13866060329768928,0.26176126045489945,0.1246877654080908,0.05670784512988239,0.13866060329768928,0.20024622356315744,0.1246877654080908,0.05644257160060023,0.06028737762777988,0.06814761347415058,0.05962847939999412,0.059056948907691226,0.06028737762777988,0.06384084663426359,0.05962847939999412,0.7621111163996298,0.6800948632423772,0.8318231997395911,0.6506267337186894,0.47452741657337555,0.6800948632423772,0.6116880406792952,0.6506267337186894,0.3663909313725491,0.059593981380018014,0.3311580882352941,0.049997137061802664,0.2504748774509804,0.04741918427951799,0.23046875,unpaved
19.695833333333365,27.506666666666618,32.200000000000045,34.72888888888881,22.718749999999957,27.506666666666618,51.06249999999975,34.72888888888881,3.4125000000000063,4.191111111111104,4.550000000000011,4.533333333333319,3.7098214285714217,4.191111111111104,5.7410714285713995,4.533333333333319,0.25038128527492054,0.20887688705294857,0.1874492876623797,0.2004440388567981,0.22755688673942365,0.20887688705294857,0.14345251666032818,0.2004440388567981,0.08685276494031603,0.08000000000000007,0.08003905296791061,0.08461970117626566,0.08286031782710042,0.08000000000000007,0.07910734440477338,0.08461970117626566,0.7137796523641854,0.6004255929054078,0.5264357673358335,0.4955235118209012,0.6787065917747933,0.6004255929054078,0.24196389633643745,0.4955235118209012,0.2931219362745098,0.032047443651824305,0.2830422794117647,0.020408131827978893,0.20287990196078434,0.018396950903013083,0.00390625,unpaved
49.529166666666725,94.47111111111082,61.05000000000007,86.59999999999982,88.11607142857063,94.47111111111082,130.47321428571323,86.59999999999982,5.33750000000001,7.377777777777744,5.741666666666683,7.2311111111110895,7.249999999999948,7.377777777777744,8.437499999999945,7.2311111111110895,0.19045560191032382,0.16689535713000342,0.20370722835297636,0.14078438398158702,0.1208072640866132,0.16689535713000342,0.12906795011674424,0.14078438398158702,0.05743353646704241,0.05954560447544075,0.05833333333333321,0.05786318473907312,0.05611520129453744,0.05954560447544075,0.05690869992849025,0.05786318473907312,0.8948538797205687,0.7821288633108949,0.8586892330107042,0.802010059941507,0.8102824219522384,0.7821288633108949,0.6870389690652263,0.802010059941507,0.35142463235294114,0.08224882352528876,0.32325367647058817,0.05313866486116417,0.22950367647058825,0.04157274548296108,0.19140625,unpaved
70.42916666666679,194.0844444444442,187.9541666666671,238.10222222222166,138.3660714285704,194.0844444444442,407.7455357142824,238.10222222222166,5.6958333333333515,10.511111111111083,10.504166666666688,11.711111111111077,8.133928571428532,10.511111111111083,15.941964285714189,11.711111111111077,0.1886548128395392,0.1015265744490214,0.11583425173085722,0.10264950498156022,0.14717291426089962,0.1015265744490214,0.06875024675876501,0.10264950498156022,0.05840769070365083,0.05506449641495031,0.052208183692256944,0.054251358292149554,0.059393458462723106,0.05506449641495031,0.05310436273825988,0.054251358292149554,0.9184622482341875,0.7564249586449643,0.7654960679637202,0.700979484333754,0.8396347325093522,0.7564249586449643,0.4723512968278137,0.700979484333754,0.39908088235294126,0.1005696533965595,0.3665594362745098,0.07680052652037972,0.27238051470588237,0.06962921143284669,0.39453125,paved
18.508333333333336,29.822222222222194,30.612500000000033,27.071111111111076,24.13839285714281,29.822222222222194,27.348214285714253,27.071111111111076,3.416666666666671,4.3022222222222215,4.2708333333333375,4.137777777777775,3.8169642857142834,4.3022222222222215,4.071428571428566,4.137777777777775,0.2568558040283582,0.2155388782561558,0.21571697560338035,0.1963002987684813,0.23243666828300605,0.2155388782561558,0.22287206823518232,0.1963002987684813,0.09085817703065237,0.09043106644167015,0.08989770420996442,0.09258962958222058,0.09061510325975193,0.09043106644167015,0.09105391988558542,0.09258962958222058,0.3653008760095782,-0.08672806137359268,-0.09265622952175849,0.01733726883611677,0.17140420664406072,-0.08672806137359268,0.006481433213435499,0.01733726883611677,0.26521139705882346,0.016345937362586646,0.27518382352941173,0.015252184335971503,0.19692095588235295,0.014465319149678382,0.0,unpaved
15.883333333333349,28.43555555555551,18.350000000000012,17.77333333333331,30.915178571428495,28.43555555555551,33.973214285714214,17.77333333333331,3.0750000000000055,3.866666666666662,2.96666666666667,3.0622222222222177,4.254464285714278,3.866666666666662,4.116071428571419,3.0622222222222177,0.2565705255760725,0.25541228738903843,0.3274983468554539,0.30547255339701285,0.21691752994868074,0.25541228738903843,0.27041994928994745,0.30547255339701285,0.09009061796016539,0.08652409926191908,0.08936504412303022,0.09054021683317036,0.08446824968046616,0.08652409926191908,0.0855816496101818,0.09054021683317036,0.664197922378804,0.4085782954335372,0.621126254685917,0.629327219273378,0.3463709408116386,0.4085782954335372,0.31478865709606807,0.629327219273378,0.2830882352941176,0.02287041836390288,0.29028799019607837,0.022417909775831472,0.2146599264705883,0.017768280619383004,0.01171875,unpaved
23.783333333333363,34.41777777777777,29.370833333333355,29.711111111111048,25.245535714285662,34.41777777777777,30.26339285714281,29.711111111111048,3.808333333333338,4.746666666666666,4.2958333333333405,4.395555555555549,3.8973214285714226,4.746666666666666,4.558035714285709,4.395555555555549,0.23474588973395621,0.18005679947750133,0.21250249680165398,0.19712550620142366,0.2595129326432975,0.18005679947750133,0.17536628848549174,0.19712550620142366,0.08917056066263636,0.0868658679364092,0.08559432743405897,0.08788319970348969,0.08639286821590886,0.0868658679364092,0.08452721530697076,0.08788319970348969,0.23606007037580246,-0.14021115893983388,0.052150067274956614,0.03230911808804289,0.20675888123895725,-0.14021115893983388,0.03523329657870654,0.03230911808804289,0.2680300245098039,0.016899431766498576,0.2763786764705882,0.015647661143055384,0.19762561274509807,0.015422008690864698,0.0,unpaved
176.14166666666685,218.31111111111042,117.31666666666695,247.19111111111053,389.9464285714256,218.31111111111042,309.6785714285699,247.19111111111053,9.491666666666697,9.928888888888853,6.850000000000015,11.199999999999966,14.526785714285618,9.928888888888853,11.03571428571424,11.199999999999966,0.10641299042090012,0.13345494208200767,0.2062472560370477,0.09373638890274749,0.059851799942896564,0.13345494208200767,0.13079415866280944,0.09373638890274749,0.053359368645273623,0.057606583985847316,0.056211406513466775,0.052961667945835164,0.051387787648309056,0.057606583985847316,0.05319810396345031,0.052961667945835164,0.806365352373011,0.7528111911847973,0.8751899456892747,0.7202677729062653,0.5378779243653148,0.7528111911847973,0.666063414036802,0.7202677729062653,0.39577205882352945,0.09846611635736291,0.36043198529411763,0.08296810593748703,0.2778952205882353,0.07529666067329278,0.36328125,unpaved
139.64166666666682,82.11111111111087,75.04583333333348,244.11555555555466,373.34821428571166,82.11111111111087,186.01339285714178,244.11555555555466,8.716666666666692,6.813333333333322,6.487500000000016,11.271111111111088,14.374999999999904,6.813333333333322,10.165178571428521,11.271111111111088,0.11597782982674922,0.1562444812428977,0.17515109450825614,0.1056299414862728,0.08934890005771905,0.1562444812428977,0.09983289503693255,0.1056299414862728,0.05319643889501541,0.05845753972429267,0.05574620066774853,0.05258737584977412,0.052633152332819136,0.05845753972429267,0.055579908919592066,0.05258737584977412,0.7870679384095566,0.8743210597269411,0.8891436216286734,0.6257494867450081,0.4014154151686171,0.8743210597269411,0.7250292476929626,0.6257494867450081,0.3956341911764706,0.0802304817245008,0.3642310049019608,0.07045929045729088,0.2719975490196079,0.06657421208598177,0.328125,unpaved
375.55000000000086,1038.457777777775,856.3166666666682,1178.8622222222168,891.4107142857066,1038.457777777775,1764.05803571427,1178.8622222222168,12.050000000000033,25.115555555555463,22.775000000000066,27.01333333333321,18.401785714285577,25.115555555555463,35.218749999999694,27.01333333333321,0.1257783836330449,0.044198219528164925,0.05554977789475614,0.029427900083620197,0.08220551079115124,0.044198219528164925,0.0238732024255064,0.029427900083620197,0.051706973524961806,0.04939135726865065,0.0467707173346743,0.049190985824841264,0.052253124601426316,0.04939135726865065,0.049309647398156915,0.049190985824841264,0.8205996303892996,0.4966834429358269,0.5869472357297871,0.42834911161395,0.5783704100600404,0.4966834429358269,0.1576073838668761,0.42834911161395,0.6738970588235293,0.11790865269208052,0.6566329656862745,0.12711142576546813,0.5464307598039215,0.16453901327430637,0.82421875,paved
1077.2083333333346,2249.711111111101,1412.220833333336,1314.4977777777735,2773.4866071428332,2249.711111111101,3300.7901785713984,1314.4977777777735,23.73333333333338,34.0755555555554,26.62083333333343,23.62666666666659,40.0580357142854,34.0755555555554,43.64732142857105,23.62666666666659,0.06647101993599386,0.05051266557359676,0.07929947030202404,0.07702757739464297,0.03800819460535267,0.05051266557359676,0.046336673044850875,0.07702757739464297,0.04759858191164944,0.049690399499995146,0.04778060392158214,0.050674463337739215,0.04880181051132861,0.049690399499995146,0.04961185439931392,0.050674463337739215,0.833023811082479,0.6498302310389112,0.7747421622312711,0.7953649455750889,0.5842526033587395,0.6498302310389112,0.4704222709234666,0.7953649455750889,0.509451593137255,0.23282106881923237,0.5671875,0.21272441115072077,0.4939185049019608,0.23439297667106085,0.765625,damaged
626.1916666666682,895.5022222222187,673.0375000000014,995.9066666666632,1247.7187499999873,895.5022222222187,1175.8214285714193,995.9066666666632,18.4583333333334,22.25777777777772,19.379166666666737,24.102222222222114,27.138392857142613,22.25777777777772,26.124999999999776,24.102222222222114,0.06465544302350602,0.05777593249734477,0.046764261270052905,0.04493098327862167,0.041595111187021215,0.05777593249734477,0.03369355835418784,0.04493098327862167,0.04805234414446161,0.04878777422244461,0.04686342449667499,0.048176629752619375,0.04808182863512905,0.04878777422244461,0.049511323689327265,0.048176629752619375,0.6879614086709238,0.5587765039894532,0.6749382530248721,0.5114907565384408,0.37458071330424475,0.5587765039894532,0.4376408411536453,0.5114907565384408,0.3486825980392157,0.13324772639603683,0.3724264705882353,0.1212751809981902,0.28160232843137256,0.13234105363593568,0.74609375,unpaved
705.9333333333354,1741.25777777777,1141.8708333333366,1409.4533333333272,1758.7008928571272,1741.25777777777,3034.348214285688,1409.4533333333272,15.350000000000044,27.91555555555545,21.904166666666715,24.804444444444346,26.093749999999783,27.91555555555545,36.982142857142534,24.804444444444346,0.14055136808764832,0.09010049166584577,0.11324363954837446,0.09551628915715657,0.07732711306177228,0.09010049166584577,0.06530273996380875,0.09551628915715657,0.05195818297224968,0.05077182070575919,0.05060399083954632,0.051544060021080675,0.05021081196072267,0.05077182070575919,0.049107142857142363,0.051544060021080675,0.9236075124028904,0.8055628958045782,0.8694861443966633,0.8431012696203949,0.8120259571065935,0.8055628958045782,0.6344196963419391,0.8431012696203949,0.36364889705882353,0.27639022463367446,0.41469056372549024,0.26068483840252793,0.3427849264705882,0.2556864734631905,0.703125,unpaved
338.85000000000076,1920.4622222222158,1422.1583333333353,1152.3422222222193,810.9241071428494,1920.4622222222158,3414.9955357142585,1152.3422222222193,11.900000000000029,30.39999999999993,25.92500000000004,23.079999999999927,19.46874999999986,30.39999999999993,43.74553571428538,23.079999999999927,0.12180707156697451,0.06912940854638443,0.08733168935061561,0.07828298964003218,0.08741018247574535,0.06912940854638443,0.04048702047667606,0.07828298964003218,0.053602834709452506,0.050479185296002246,0.0510310363079829,0.051544060021080695,0.051387787648309084,0.050479185296002246,0.05050762722760999,0.051544060021080695,0.9529113557652291,0.7216371886215566,0.7918691314310208,0.833935118165657,0.8875737273391594,0.7216371886215566,0.45765392024561735,0.833935118165657,0.4647212009803922,0.23940546103827987,0.5256587009803921,0.23173686206575972,0.45416666666666666,0.2373509720824445,0.6640625,paved
598.154166666668,1655.5911111111084,1085.6000000000015,1066.3111111111061,1329.7723214285595,1655.5911111111084,1689.2053571428407,1066.3111111111061,18.28750000000001,31.368888888888744,23.141666666666705,22.59555555555542,27.674107142856926,31.368888888888744,30.74999999999973,22.59555555555542,0.08238366667215716,0.03655635503360886,0.06111243663625879,0.06487480779317463,0.03586141871521622,0.03655635503360886,0.03795537957112562,0.06487480779317463,0.047689679759414974,0.048584913575723046,0.047780603921582135,0.04919098582484128,0.04991223164061979,0.048584913575723046,0.04869960765462323,0.04919098582484128,0.7408383456419273,0.2720419782585789,0.5137850765779705,0.5332015681148261,0.42128178994649773,0.2720419782585789,0.2534705850074869,0.5332015681148261,0.4118259803921569,0.1294706902898384,0.42901348039215687,0.13017806381149635,0.3373774509803921,0.1529061654716844,0.8046875,unpaved
850.7125000000023,1850.4088888888837,1330.8291666666694,1736.7066666666617,1626.8348214285575,1850.4088888888837,2690.607142857118,1736.7066666666617,18.77916666666669,29.831111111110967,23.570833333333397,27.82666666666659,28.424107142856883,29.831111111110967,36.01785714285682,27.82666666666659,0.10401212391191797,0.04087944019790333,0.04791466371798345,0.06010314388475107,0.05726586945315856,0.04087944019790333,0.05187676532947359,0.06010314388475107,0.04894725051862805,0.04888888888888871,0.04859126579037745,0.05008634519815375,0.049712181810981845,0.04888888888888871,0.04880181051132865,0.05008634519815375,0.8156842980221515,0.518002984300802,0.6559859265599151,0.5555276246157517,0.644834514901524,0.518002984300802,0.2574700015280275,0.5555276246157517,0.3890165441176471,0.18829733069397642,0.4468443627450981,0.18694237123214436,0.36487438725490196,0.19948880498196828,0.734375,paved
281.9458333333339,536.6266666666639,370.31666666666723,396.0533333333322,614.9062499999947,536.6266666666639,770.3124999999933,396.0533333333322,11.23750000000002,17.248888888888818,13.916666666666694,13.537777777777727,17.200892857142712,17.248888888888818,20.955357142856986,13.537777777777727,0.11202875395778973,0.05081764293242343,0.07458928558223268,0.1174670659175112,0.07071386929959002,0.05081764293242343,0.04026703882517782,0.1174670659175112,0.05237418787490211,0.04898979485566339,0.050689687752485064,0.05230489909306557,0.05090068862049666,0.04898979485566339,0.050011956478588936,0.05230489909306557,0.6955738121848697,0.43400586244357325,0.6060030058695471,0.5814019034018844,0.3446765216659362,0.43400586244357325,0.1988670985202032,0.5814019034018844,0.6103094362745097,0.09174584569707474,0.5542738970588235,0.08241325755465716,0.41496629901960785,0.09598784341562548,0.5078125,paved
320.13750000000067,2411.1288888888826,1783.7833333333356,1291.2044444444414,758.0580357142809,2411.1288888888826,4667.303571428539,1291.2044444444414,10.445833333333361,33.75111111111106,28.083333333333382,23.2666666666666,17.191964285714192,33.75111111111106,53.61607142857103,23.2666666666666,0.23924475885850272,0.11350708568382097,0.11546083761734932,0.14912636776009375,0.14614885681108147,0.11350708568382097,0.0409984912458581,0.14912636776009375,0.07811805524688627,0.05904591224705058,0.06130807903984248,0.06547075494513864,0.07086833868922966,0.05904591224705058,0.05177416743188891,0.06547075494513864,0.9653861168433965,0.7365540600960474,0.8042104791619625,0.8593910056704441,0.9181728998684092,0.7365540600960474,0.47532241453209617,0.8593910056704441,0.5402573529411765,0.2838614067545384,0.5673406862745098,0.25952890057618805,0.4893841911764706,0.27663806759570125,0.7109375,paved
12.06666666666667,14.751111111111099,12.591666666666683,13.69777777777777,16.504464285714256,14.751111111111099,17.080357142857107,13.69777777777777,2.7250000000000036,3.142222222222221,2.7750000000000035,2.9511111111111075,3.1919642857142807,3.142222222222221,3.3035714285714244,2.9511111111111075,0.3056980066560473,0.23481457697800753,0.30076349629392246,0.26758651763220576,0.2598706329429166,0.23481457697800753,0.23880627184780584,0.26758651763220576,0.10720566941890519,0.10154364141151867,0.10441636738451406,0.10159226178366616,0.10364452469860623,0.10154364141151867,0.1004712270975616,0.10159226178366616,0.39483435958875485,0.2702575535708787,0.39022995850120085,0.322457346420734,0.15094752631220093,0.2702575535708787,0.1621985172208842,0.322457346420734,0.2583946078431373,0.014728205075639603,0.3213235294117647,0.012719147789538355,0.22530637254901964,0.013306447942750665,0.0,unpaved
161.87916666666695,243.07555555555467,147.40416666666687,224.31555555555514,329.87053571428294,243.07555555555467,317.29464285714,224.31555555555514,9.72083333333336,12.222222222222184,9.562500000000021,11.399999999999952,14.370535714285609,12.222222222222184,14.508928571428457,11.399999999999952,0.10234566709982273,0.07048046978328834,0.09238359455203782,0.09104101943004293,0.06143893223514639,0.07048046978328834,0.054272799446963386,0.09104101943004293,0.052786914413832924,0.051925873091323835,0.05077524002897464,0.05305482838361445,0.052916382103257026,0.051925873091323835,0.05129073791551756,0.05305482838361445,0.6616333872157287,0.5023614346510141,0.6913650289345281,0.5428646728515466,0.3304577865212206,0.5023614346510141,0.34378556083695655,0.5428646728515466,0.17519914215686277,0.06641301670750577,0.24113051470588234,0.06290381123762179,0.19791666666666666,0.05259494970185555,0.46875,unpaved
26.28750000000003,39.26222222222217,17.92916666666669,12.37333333333331,41.450892857142804,39.26222222222217,33.522321428571395,12.37333333333331,3.5958333333333377,4.195555555555551,3.1625000000000068,2.693333333333329,4.290178571428568,4.195555555555551,4.022321428571424,2.693333333333329,0.25971706429393393,0.24962675827419867,0.27945126795614905,0.30143636272648094,0.26309824364896256,0.24962675827419867,0.26231899612307796,0.30143636272648094,0.08970437559004595,0.08686586793640912,0.09391189724653896,0.0961993814307259,0.08934150042941734,0.08686586793640912,0.08411358786346756,0.0961993814307259,0.4028111842355655,0.09360661254709464,0.5882919629984218,0.7122418491493134,-0.00402631040944013,0.09360661254709464,0.20851650723821732,0.7122418491493134,0.22850796568627454,0.02417218738366016,0.2998008578431372,0.01860702544315841,0.21093750000000006,0.01920325443034465,0.03515625,unpaved
223.8833333333336,170.9555555555552,116.12083333333354,377.7199999999985,593.2812499999941,170.9555555555552,295.6205357142831,377.7199999999985,11.450000000000024,9.826666666666638,7.912500000000022,14.77777777777772,19.450892857142705,9.826666666666638,13.52232142857131,14.77777777777772,0.10359276863123112,0.09842476784994657,0.15335507101551502,0.08726614093572047,0.07279457908742715,0.09842476784994657,0.0737313926977024,0.08726614093572047,0.05170697352496177,0.05249338582674517,0.053196438895015304,0.051159397480983484,0.051966280030458355,0.05249338582674517,0.05070453880178763,0.051159397480983484,0.8004777512938012,0.8481034819024919,0.8943114612270534,0.664974125695093,0.47647005354725636,0.8481034819024919,0.7327423308955469,0.664974125695093,0.26617647058823535,0.11204385503787938,0.2962928921568628,0.08906447079576167,0.2409313725490196,0.06554390849493187,0.5390625,paved
264.74583333333374,483.4755555555539,280.7583333333339,413.773333333332,568.9419642857108,483.4755555555539,567.508928571424,413.773333333332,9.645833333333357,14.391111111111062,10.725000000000014,13.639999999999956,14.977678571428475,14.391111111111062,15.946428571428452,13.639999999999956,0.16629009550735901,0.1158550606496177,0.11264598574470729,0.09285898485957467,0.15268206240939544,0.1158550606496177,0.09735932238665174,0.09285898485957467,0.059875449429999526,0.053054828383614444,0.05448623679425835,0.05515410509329236,0.05682108063106127,0.053054828383614444,0.05206207048968964,0.05515410509329236,0.7657094039688237,0.5148635480577238,0.7111955650819173,0.5846027773819092,0.5078077662448129,0.5148635480577238,0.3309779643243736,0.5846027773819092,0.2826593137254902,0.10164580563742547,0.35055147058823527,0.08902659121000897,0.27715992647058824,0.09891098009380186,0.421875,unpaved
112.61666666666693,171.3733333333324,118.4875000000004,145.01777777777716,220.57589285714175,171.3733333333324,186.93303571428422,145.01777777777716,8.183333333333344,9.791111111111071,8.404166666666686,8.857777777777748,11.47767857142852,9.791111111111071,10.763392857142783,8.857777777777748,0.1442368364630733,0.1127234227570773,0.10491195352285623,0.12223274952737935,0.08899477813514053,0.1127234227570773,0.07627588995707746,0.12223274952737935,0.05582400419572603,0.054974741674901864,0.0531147865999248,0.05559998223642997,0.05760485669894565,0.054974741674901864,0.05215768502476705,0.05559998223642997,0.613397444462895,0.4192285909210492,0.6089467564915055,0.5044473864675204,0.24679534087147154,0.4192285909210492,0.39102436768770277,0.5044473864675204,0.19784007352941177,0.05008003724982868,0.26078431372549016,0.05356724045802948,0.20900735294117648,0.04031504208088425,0.25,unpaved
30.875000000000032,50.89777777777771,38.47500000000003,49.98666666666662,61.66517857142835,50.89777777777771,87.9508928571426,49.98666666666662,4.10000000000001,5.137777777777769,4.091666666666674,4.715555555555554,5.8437499999999805,5.137777777777769,6.370535714285689,4.715555555555554,0.2381743150704623,0.22493379761014073,0.295746714331058,0.2865620805377901,0.1776644162286344,0.22493379761014073,0.20628876287360207,0.2865620805377901,0.08020156897883404,0.0825518916489187,0.08685276494031603,0.08629550150643385,0.0762204066025169,0.0825518916489187,0.08650813560301789,0.08629550150643385,0.7579348345983319,0.5981483664864433,0.6911904501131628,0.6056574825735931,0.5233517970057437,0.5981483664864433,0.2769838742722265,0.6056574825735931,0.32933517156862746,0.04389301632872865,0.357000612745098,0.02803206278929139,0.2687653186274509,0.027325610504363013,0.109375,unpaved
72.6541666666668,99.87555555555538,61.08750000000007,114.94222222222207,148.7812499999992,99.87555555555538,133.99107142857105,114.94222222222207,5.995833333333352,7.031111111111092,5.304166666666681,7.4044444444444295,8.665178571428536,7.031111111111092,7.6339285714285445,7.4044444444444295,0.18702328030470566,0.18809767535293212,0.20209000758868947,0.18090847090652548,0.1387443392214521,0.18809767535293212,0.1677928347297827,0.18090847090652548,0.06380580346297317,0.06509252673723012,0.0639417052217617,0.062380750433858365,0.06112974972155862,0.06509252673723012,0.06422988647293801,0.062380750433858365,0.8408271565557714,0.7709447268361149,0.8637733090670928,0.7349377141549942,0.6629150333659022,0.7709447268361149,0.6753968643285795,0.7349377141549942,0.3142922794117647,0.06997094107313483,0.32348345588235294,0.06220661862953978,0.23550857843137254,0.03863792717046157,0.21484375,unpaved
238.60416666666669,431.6844444444425,236.52500000000018,304.11555555555475,514.8080357142819,431.6844444444425,497.2187499999961,304.11555555555475,11.604166666666673,15.782222222222174,11.033333333333346,13.262222222222187,16.977678571428438,15.782222222222174,16.022321428571303,13.262222222222187,0.08681030911494522,0.05318540794403717,0.09422003383059009,0.08943659918972005,0.0786664417396899,0.05318540794403717,0.07943060457843826,0.08943659918972005,0.05145453764678528,0.049291273361819425,0.04947642536265797,0.050965977516354066,0.050900688620496695,0.049291273361819425,0.051290737915517595,0.050965977516354066,0.7753967994370755,0.5983052301255397,0.7875348951989202,0.7153566789721194,0.4825223121992149,0.5983052301255397,0.5652394629207534,0.7153566789721194,0.2627297794117647,0.11700883771937913,0.2939644607843137,0.08583038306895666,0.2426470588235294,0.08476636933502706,0.4921875,unpaved
559.7041666666673,1196.5244444444381,717.4250000000017,881.9511111111087,1404.183035714275,1196.5244444444381,1407.4776785714182,881.9511111111087,17.062500000000053,24.853333333333243,17.158333333333378,21.00888888888884,26.54910714285694,24.853333333333243,25.558035714285516,21.00888888888884,0.07312288632646348,0.06009266545164304,0.06905258140444515,0.0458257560584609,0.08101601557678825,0.06009266545164304,0.05348967429423018,0.0458257560584609,0.04868050602311636,0.050868991743375794,0.04885849749816078,0.049190985824841306,0.050011956478589,0.050868991743375794,0.049410588440130465,0.049190985824841306,0.8358487034171269,0.6470845786796707,0.7908567706494735,0.7407318387519967,0.5855879676214689,0.6470845786796707,0.5897978770186085,0.7407318387519967,0.47559742647058817,0.1683795538401058,0.45128676470588236,0.16213275819536446,0.35768995098039214,0.15510942016552215,0.640625,paved
81.00833333333351,244.58666666666588,219.70833333333385,237.35111111111055,204.79017857142728,244.58666666666588,495.5624999999959,237.35111111111055,6.8166666666666895,10.373333333333298,9.22500000000001,10.684444444444411,10.941964285714212,10.373333333333298,14.95535714285704,10.684444444444411,0.1655345481664641,0.11155019958354097,0.13134720811245973,0.11368301441660507,0.09989202450576508,0.11155019958354097,0.0798522719373504,0.11368301441660507,0.05621140651346677,0.05700335705946925,0.05758447900452179,0.056218269514104184,0.05575891069998509,0.05700335705946925,0.05629250095052839,0.056218269514104184,0.8818649562882513,0.6535651769855502,0.7253729747146612,0.6685435196656895,0.678593139963354,0.6535651769855502,0.38755877531774585,0.6685435196656895,0.2788756127450981,0.08654693051739207,0.28246017156862746,0.07580657244275348,0.21095281862745102,0.06771718948547113,0.39453125,unpaved
710.8083333333345,1258.6711111111067,768.129166666668,1356.2622222222167,1761.4776785714137,1258.6711111111067,1373.9732142857015,1356.2622222222167,18.2166666666667,27.408888888888836,20.570833333333375,29.18666666666653,29.41517857142832,27.408888888888836,28.223214285714068,29.18666666666653,0.08683239295720757,0.054056146402257414,0.06639430109486424,0.03745215912220223,0.0510480787013681,0.054056146402257414,0.0446997922464704,0.03745215912220223,0.04930066485916345,0.05135208892573908,0.04832255626976333,0.04909049340972095,0.04890379977724648,0.05135208892573908,0.04981230715272583,0.04909049340972095,0.8038141266674493,0.6308333009932214,0.7926749826786681,0.6044436230376333,0.4984145523612174,0.6308333009932214,0.628854268290477,0.6044436230376333,0.6046109068627451,0.17879479289238534,0.5612285539215687,0.1713282130071309,0.4497395833333333,0.17106708399178128,0.7890625,paved
273.9958333333335,533.6622222222202,312.37500000000097,440.13777777777614,556.6428571428527,533.6622222222202,736.6071428571369,440.13777777777614,11.537500000000016,16.471111111111075,12.158333333333351,15.231111111111069,16.508928571428445,16.471111111111075,18.99999999999984,15.231111111111069,0.12276895099709718,0.07003787548916393,0.11415758889948771,0.07483437163482953,0.09502568210753239,0.07003787548916393,0.09291263490979247,0.07483437163482953,0.0550410200567619,0.05086899174337572,0.0539257462731031,0.05258737584977405,0.05291638210325692,0.05086899174337572,0.05011148285857902,0.05258737584977405,0.8236630472985786,0.6738086793394318,0.809182547953427,0.7312699209193743,0.6382290448868005,0.6738086793394318,0.5719644100451249,0.7312699209193743,0.33854166666666663,0.11807175119871924,0.32734375,0.10832828946251859,0.2490042892156863,0.09880643310266557,0.54296875,unpaved
263.491666666667,686.5288888888866,471.833333333334,668.9244444444425,762.5089285714224,686.5288888888866,773.0937499999945,668.9244444444425,10.216666666666685,17.8177777777777,13.20000000000001,17.368888888888826,17.866071428571292,17.8177777777777,18.352678571428438,17.368888888888826,0.12417363232790181,0.08283491495643303,0.1328398023517713,0.07780309363065381,0.08389939824161477,0.08283491495643303,0.0818210506705475,0.07780309363065381,0.05153882032022071,0.05057691856329332,0.051790845394400174,0.052020888492086935,0.051484654440494104,0.05057691856329332,0.0523483901766003,0.052020888492086935,0.8935605758615562,0.7106315160080606,0.7978853159208033,0.7204585067237711,0.6963463269782033,0.7106315160080606,0.6602717352171931,0.7204585067237711,0.6918658088235294,0.13384790004780503,0.6346200980392156,0.1384728953159007,0.5143841911764706,0.13757180182517212,0.5234375,paved
821.7458333333344,1349.4533333333263,531.816666666668,1023.0044444444417,1937.5223214285568,1349.4533333333263,894.5580357142792,1023.0044444444417,19.679166666666717,25.32888888888877,14.600000000000026,22.115555555555456,30.281249999999773,25.32888888888877,20.88839285714269,22.115555555555456,0.08605059245786055,0.08007015331475029,0.0922665018674473,0.05316571411739624,0.05469934769525062,0.08007015331475029,0.08047016043449448,0.05316571411739624,0.04973890160963889,0.051255833754092206,0.05195818297224975,0.05125583375409226,0.04981230715272593,0.051255833754092206,0.05030994495350247,0.05125583375409226,0.8250169528533136,0.7112698761110312,0.8879839632895814,0.7810102569177588,0.5755666383250845,0.7112698761110312,0.8126147552314802,0.7810102569177588,0.5138480392156863,0.2008592637737029,0.49021139705882355,0.1904228793689913,0.40032169117647054,0.17665045254854542,0.63671875,paved
522.2375000000011,875.4488888888861,401.9250000000011,789.884444444443,1491.758928571419,875.4488888888861,693.4866071428521,789.884444444443,15.237500000000018,20.622222222222124,11.549999999999999,19.004444444444374,27.13392857142839,20.622222222222124,15.754464285714185,19.004444444444374,0.0920371912315777,0.08494014726631499,0.14730717138672408,0.12103009926060118,0.06408670674301185,0.08494014726631499,0.1362245329224838,0.12103009926060118,0.050346024889977366,0.0512558337540922,0.05344064724325276,0.050965977516354045,0.05167784331602731,0.0512558337540922,0.053291680296041165,0.050965977516354045,0.8422308041736637,0.7440040671374325,0.889478694302518,0.7675155776231434,0.5259727889031683,0.7440040671374325,0.8091562435471271,0.7675155776231434,0.6370863970588234,0.16592241687821152,0.5832567401960784,0.16667611030478405,0.46770833333333334,0.15879968682617698,0.625,paved
105.55416666666683,154.27111111111063,60.225000000000094,97.47999999999986,175.3660714285703,154.27111111111063,112.97767857142792,97.47999999999986,7.287500000000018,8.697777777777757,5.641666666666684,7.444444444444417,9.419642857142808,8.697777777777757,7.834821428571387,7.444444444444417,0.1464569761813997,0.12567743133185796,0.18911324267537205,0.17006050090926272,0.15007813044360555,0.12567743133185796,0.12168625020247394,0.17006050090926272,0.06243051693238198,0.059958833614364326,0.0629152869605895,0.06432939922724482,0.061292545614936834,0.059958833614364326,0.06153593192897367,0.06432939922724482,0.4069740477016648,0.1321039284980256,0.6530717356714182,0.4540996769404604,0.04931065263863921,0.1321039284980256,0.3517048122248619,0.4540996769404604,0.3065563725490196,0.042231208312644146,0.3106004901960784,0.03555986342389772,0.22265625,0.03618522779268989,0.14453125,unpaved
367.4083333333343,498.3066666666633,263.6041666666667,625.364444444442,1061.946428571418,498.3066666666633,661.7232142857087,625.364444444442,13.291666666666702,15.94222222222216,11.812500000000025,18.555555555555475,23.732142857142644,15.94222222222216,18.830357142856986,18.555555555555475,0.08682592982917244,0.07752590730273086,0.11380647231980179,0.0587590981052429,0.0506147126305916,0.07752590730273086,0.06718300112893649,0.0587590981052429,0.049826086429589085,0.049690399499995146,0.04982608642958911,0.04978968111646221,0.04951132368932724,0.049690399499995146,0.05030994495350236,0.04978968111646221,0.8653698624385351,0.8149380007979663,0.8987869954434383,0.768393367603264,0.6265259913939568,0.8149380007979663,0.7410320520357147,0.768393367603264,0.27959558823529407,0.14861501721152676,0.28207720588235297,0.14330183225379498,0.22647058823529412,0.1290873458869135,0.62109375,paved
396.74166666666724,538.6888888888864,315.87500000000045,465.45333333333105,788.0714285714213,538.6888888888864,596.1428571428514,465.45333333333105,15.233333333333356,17.63999999999994,13.283333333333378,13.791111111111057,21.062499999999797,17.63999999999994,18.80357142857127,13.791111111111057,0.050403529230431746,0.06506672292412638,0.09918420073016956,0.10002415811940098,0.03769715129485195,0.06506672292412638,0.04880208277894287,0.10002415811940098,0.048322556269763346,0.050674463337739256,0.05153882032022067,0.05067446333773924,0.04890379977724648,0.050674463337739256,0.050111482858579026,0.05067446333773924,0.6529537953599912,0.5248468907534168,0.7115194349875446,0.5896067479941173,0.3346159441831056,0.5248468907534168,0.4437292791366523,0.5896067479941173,0.4623774509803922,0.0921020089930379,0.49411764705882355,0.09196175111327573,0.42798713235294117,0.09886788719960635,0.53515625,paved
195.10000000000014,202.92444444444374,101.52916666666678,246.04444444444366,428.8616071428536,202.92444444444374,226.26339285714081,246.04444444444366,11.116666666666694,10.924444444444418,7.804166666666685,12.542222222222186,16.85267857142844,10.924444444444418,12.08482142857135,12.542222222222186,0.08434346180488787,0.09289826176382353,0.10514128306347627,0.0794863214076049,0.060687255317107384,0.09289826176382353,0.07406198407050084,0.0794863214076049,0.05137011669140803,0.05221040055320297,0.05145453764678521,0.052020888492086984,0.05109608545651547,0.05221040055320297,0.05011148285857907,0.052020888492086984,0.6986756083823269,0.6877085947782029,0.8452348418658757,0.6233134613240979,0.33213298550403475,0.6877085947782029,0.6492200780043268,0.6233134613240979,0.3909007352941176,0.08703214790949379,0.41798406862745097,0.06579963028449491,0.3349111519607843,0.06679070361436232,0.44140625,unpaved
138.50833333333375,150.34222222222184,100.7625000000002,205.72444444444395,225.24553571428424,150.34222222222184,229.53124999999824,205.72444444444395,8.891666666666687,8.937777777777745,7.395833333333355,11.093333333333291,12.299107142857071,8.937777777777745,11.406249999999924,11.093333333333291,0.10580064159800139,0.11897117639707178,0.16602253105936524,0.07484762303219387,0.0655782105127279,0.11897117639707178,0.10328698790878883,0.07484762303219387,0.05416666666666657,0.05777777777777748,0.05810969033742227,0.05406900026931725,0.05467611032998114,0.05777777777777748,0.05540032877674431,0.05406900026931725,0.6485253897989688,0.6289116108200229,0.7516635806390692,0.48073139950635857,0.41238224197414763,0.6289116108200229,0.4410057737455614,0.48073139950635857,0.41050857843137256,0.07057280195143407,0.4052849264705883,0.052192681402964056,0.32988664215686275,0.04832177685550339,0.3203125,unpaved
41.13333333333338,45.37333333333325,31.058333333333387,44.34666666666659,64.29910714285691,45.37333333333325,48.82589285714259,44.34666666666659,5.27500000000001,5.45333333333332,4.37500000000001,5.368888888888876,6.3973214285714,5.45333333333332,5.370535714285684,5.368888888888876,0.1583052790002909,0.15723051590050935,0.2083375497285709,0.16602703255501475,0.14263983745651526,0.15723051590050935,0.19252976042945422,0.16602703255501475,0.06201198360890501,0.06347936380926948,0.06387379048648283,0.06486453119700611,0.06446218338479293,0.06347936380926948,0.06289733394466673,0.06486453119700611,0.7791208576071231,0.7602085755557912,0.843442802137206,0.7667589567241008,0.6410115610457823,0.7602085755557912,0.7532654916699378,0.7667589567241008,0.39506740196078427,0.05463926581619323,0.37371323529411765,0.03359492000702992,0.30153186274509797,0.026523795359107757,0.00390625,unpaved
143.75000000000014,186.94222222222152,124.7583333333337,208.12888888888838,262.8883928571408,186.94222222222152,247.25446428571186,208.12888888888838,8.366666666666685,9.777777777777747,8.300000000000022,10.95555555555552,12.013392857142772,9.777777777777747,11.870535714285616,10.95555555555552,0.1403293454917298,0.11283126504952501,0.12107944547295688,0.10426479653372366,0.10506046632722325,0.11283126504952501,0.08270442450627456,0.10426479653372366,0.05582400419572595,0.05700335705946921,0.05424673569288128,0.056042312057415174,0.05708353505600126,0.05700335705946921,0.05329168029604098,0.056042312057415174,0.6199346654837519,0.5153948958482685,0.671190936281851,0.4616122636939357,0.2885893773273181,0.5153948958482685,0.37805301020455095,0.4616122636939357,0.4775122549019608,0.04439180711761606,0.478936887254902,0.057885051537697456,0.40156249999999993,0.07277198092761447,0.296875,unpaved
86.6000000000002,83.55111111111084,55.08750000000016,114.51999999999963,173.9107142857131,83.55111111111084,105.21874999999953,114.51999999999963,6.97500000000002,6.919999999999987,5.6125000000000105,7.755555555555534,9.52678571428566,6.919999999999987,7.477678571428537,7.755555555555534,0.13389030228242899,0.12687623837173354,0.18295044407464928,0.12126991390428186,0.105390662603428,0.12687623837173354,0.1273323989883789,0.12126991390428186,0.06201198360890499,0.06238075043385829,0.0604525755356121,0.05820355934981654,0.05760485669894564,0.06238075043385829,0.062100123853765794,0.05820355934981654,0.6253352383438923,0.6428925569911116,0.7674038021045478,0.5120774522314427,0.25833563948669497,0.6428925569911116,0.5705151538558189,0.5120774522314427,0.4395526960784314,0.053001344131591445,0.41642156862745106,0.04072833285650519,0.33134191176470584,0.036597646891757186,0.16796875,unpaved
230.97083333333353,281.1422222222211,228.62916666666706,263.8666666666659,442.241071428568,281.1422222222211,434.5982142857114,263.8666666666659,11.2041666666667,12.679999999999968,10.87083333333334,11.084444444444399,16.27678571428562,12.679999999999968,15.098214285714185,11.084444444444399,0.08952129816751637,0.07331243101744916,0.10199712845728955,0.11916605126114702,0.0703004356345582,0.07331243101744916,0.08628907919432326,0.11916605126114702,0.050860648398890373,0.05096597751635402,0.05262221225131284,0.05077182070575916,0.051193504201694696,0.05096597751635402,0.05138778764830909,0.05077182070575916,0.7834568062051835,0.7354041640475307,0.7868373369950565,0.7512385325679622,0.5830482614208511,0.7354041640475307,0.590861999266845,0.7512385325679622,0.532843137254902,0.0947873690357514,0.5331801470588236,0.08918524898772552,0.4498774509803921,0.09421134722517407,0.453125,unpaved
186.32083333333364,236.11111111111063,165.1000000000005,262.7777777777769,307.0312499999972,236.11111111111063,329.78571428571183,262.7777777777769,10.195833333333345,12.217777777777746,9.791666666666675,12.644444444444405,14.218749999999899,12.217777777777746,13.946428571428472,12.644444444444405,0.11574123577005103,0.07064144686645364,0.11157313624570615,0.07038156934099382,0.05946879763263199,0.07064144686645364,0.0665358552967534,0.07038156934099382,0.05051814855409221,0.05370242654930894,0.05111601727660536,0.050771820705759176,0.051484654440494146,0.05370242654930894,0.05177416743188881,0.050771820705759176,0.6318156080989742,0.5336178405132109,0.692063708348541,0.47838267840547605,0.3725816392526471,0.5336178405132109,0.3836949176379176,0.47838267840547605,0.5173253676470588,0.07075623277923411,0.5174325980392156,0.06274664633841469,0.4393229166666667,0.0668703674074417,0.42578125,unpaved
67.12083333333338,83.8622222222219,71.69583333333347,108.28888888888835,118.63839285714205,83.8622222222219,143.77232142857045,108.28888888888835,6.50416666666668,7.008888888888866,6.5958333333333545,8.173333333333316,8.611607142857096,7.008888888888866,9.316964285714224,8.173333333333316,0.1364076561499549,0.13678956796670236,0.14273354436589206,0.11275028838618935,0.11795097866167456,0.13678956796670236,0.09802013127071055,0.11275028838618935,0.05885186204927292,0.06028737762777978,0.058407690703650636,0.05559998223642987,0.05751829788716519,0.06028737762777978,0.056645435448434735,0.05559998223642987,0.7333483321562915,0.6556310680674783,0.6973009947071579,0.5538737091816868,0.5364218013363229,0.6556310680674783,0.3599928173612257,0.5538737091816868,0.3216911764705882,0.05876925089720677,0.34794730392156864,0.0396141364508303,0.2785079656862745,0.0348392032780375,0.140625,unpaved
275.67083333333386,487.764444444443,292.53750000000065,324.43111111110943,606.3169642857087,487.764444444443,758.473214285708,324.43111111110943,11.254166666666695,14.439999999999946,11.470833333333355,11.542222222222186,16.92410714285698,14.439999999999946,18.991071428571267,11.542222222222186,0.10004363919806496,0.07952445651200492,0.12641643335114208,0.1056589733414804,0.08042015094688648,0.07952445651200492,0.0658045565571481,0.1056589733414804,0.05187458165828622,0.05296166794583518,0.05286907308520614,0.053425845689649934,0.05253840310687354,0.05296166794583518,0.051193504201694565,0.053425845689649934,0.8496939222644944,0.7435140732708776,0.8417915011023005,0.829488686773837,0.6753228274314798,0.7435140732708776,0.6047952823439142,0.829488686773837,0.24672181372549024,0.13054688901165143,0.26646752450980393,0.11515131061789446,0.15706188725490197,0.11492467502950207,0.3671875,unpaved
268.2333333333338,472.4355555555542,259.7583333333338,207.01777777777716,447.9866071428537,472.4355555555542,631.352678571423,207.01777777777716,11.058333333333353,14.035555555555504,10.941666666666691,9.791111111111082,14.540178571428468,14.035555555555504,16.47767857142842,9.791111111111082,0.10847308623574876,0.0840983849782963,0.12834634901533087,0.12135932950200795,0.08442038625889337,0.0840983849782963,0.09279822982323213,0.12135932950200795,0.055590266933859524,0.05397759022884907,0.056825757070774204,0.059711239300196936,0.05531032005965942,0.05397759022884907,0.055400328776744154,0.059711239300196936,0.7964959598555594,0.654281628589879,0.8133366821599799,0.8485426977966545,0.6430605503146068,0.654281628589879,0.5651871106307698,0.8485426977966545,0.25200674019607844,0.10103257053188278,0.2585171568627451,0.10517603167608665,0.15274203431372552,0.10478230412352096,0.31640625,unpaved
238.91666666666703,401.5733333333319,285.63750000000056,325.01333333333224,549.6294642857102,401.5733333333319,675.1383928571373,325.01333333333224,10.575000000000026,13.777777777777738,11.729166666666698,11.99999999999996,16.200892857142733,13.777777777777738,18.87053571428558,11.99999999999996,0.12193807911001692,0.10371542274500109,0.10231650075758536,0.12835742496714256,0.09225748302990786,0.10371542274500109,0.062253959906683025,0.12835742496714256,0.05535554273160992,0.05333333333333304,0.05187458165828626,0.055154105093292376,0.05375711865532214,0.05333333333333304,0.05148465444049405,0.055154105093292376,0.7958506484073928,0.6641567915554647,0.7595362093178142,0.7295381733383862,0.5476845252764049,0.6641567915554647,0.447375328226356,0.7295381733383862,0.2433363970588235,0.10217511993076674,0.27162990196078435,0.09449663836046389,0.15235906862745097,0.0926620874880795,0.421875,unpaved
240.41666666666706,440.18222222222045,302.87916666666723,343.1688888888879,534.0446428571391,440.18222222222045,716.0133928571364,343.1688888888879,10.400000000000027,14.19999999999996,12.020833333333366,12.12888888888885,15.785714285714175,14.19999999999996,19.674107142856997,12.12888888888885,0.13990790089181995,0.10566587180067923,0.10028901330619208,0.14504659412213616,0.08746372909851075,0.10566587180067923,0.05367075153628991,0.14504659412213616,0.05574620066774836,0.05342584568964995,0.051116017276605294,0.055243568420693216,0.05329168029604103,0.05342584568964995,0.052253124601426275,0.055243568420693216,0.7864812404465464,0.6174165264520013,0.7288048941854098,0.7010154701541704,0.5347084197138066,0.6174165264520013,0.37715625891665955,0.7010154701541704,0.24901960784313726,0.0997786862815053,0.2789981617647059,0.09149534830535926,0.15647977941176472,0.0909787805813011,0.42578125,unpaved
199.9958333333337,315.8755555555541,196.14583333333368,314.7999999999988,512.714285714281,315.8755555555541,504.00892857142446,314.7999999999988,8.862500000000006,10.746666666666624,8.537500000000021,11.217777777777735,14.437499999999876,10.746666666666624,14.374999999999885,11.217777777777735,0.13184903425122765,0.133022391419106,0.16805260046976186,0.12437751352404593,0.07766100640078911,0.133022391419106,0.11750193390082311,0.12437751352404593,0.05621140651346663,0.05621826951410409,0.058556122177313055,0.05674286815468273,0.055310320059659336,0.05621826951410409,0.057949799043513384,0.05674286815468273,0.8703319887107012,0.8036771807182781,0.8740465355910434,0.8044973503498014,0.6785435664746925,0.8036771807182781,0.6903864625615347,0.8044973503498014,0.20520833333333333,0.11593640847889916,0.25968137254901963,0.10562836901347092,0.14028799019607843,0.10500580672203581,0.3046875,unpaved
212.791666666667,317.1644444444433,196.52500000000035,335.8799999999989,545.3526785714237,317.1644444444433,480.6651785714244,335.8799999999989,9.40833333333334,10.968888888888845,8.600000000000021,11.862222222222174,15.674107142857004,10.968888888888845,14.129464285714167,11.862222222222174,0.14467631182235582,0.12597981048159948,0.15347051252063806,0.12665644036669427,0.07085917444258286,0.12597981048159948,0.10051008250323437,0.12665644036669427,0.0534406472432526,0.055511093319096476,0.05892556509887875,0.05752079602464307,0.05206207048968953,0.055511093319096476,0.05751829788716494,0.05752079602464307,0.864655524856705,0.8054398209127135,0.8757296485321306,0.7944018871629797,0.6638357064745501,0.8054398209127135,0.7057214812405743,0.7944018871629797,0.21482843137254903,0.11515637352870647,0.2555147058823529,0.10897516098738312,0.14016544117647062,0.10528978851251936,0.3359375,unpaved
512.6791666666679,973.45333333333,592.2083333333345,936.4044444444423,1243.1919642857033,973.45333333333,1338.6964285714155,936.4044444444423,16.26250000000004,23.03555555555545,15.40833333333337,20.66222222222216,27.379464285714043,23.03555555555545,24.607142857142623,20.66222222222216,0.10284125856244368,0.06849220246691477,0.10332346661405782,0.07840901459455701,0.035022841521008714,0.06849220246691477,0.058225139962085184,0.07840901459455701,0.0486805060231163,0.049391357268650654,0.049651563699220684,0.05096597751635405,0.048699607654623236,0.049391357268650654,0.0496118543993139,0.05096597751635405,0.908134305660872,0.8307022527784247,0.8991346518865426,0.8373486035565402,0.7682235503371605,0.8307022527784247,0.7687288536054933,0.8373486035565402,0.43659620098039215,0.17907205217248734,0.4129748774509804,0.2201641649615518,0.3302542892156862,0.24130685335596355,0.7265625,paved
980.6708333333347,1542.6177777777707,655.2999999999998,1287.9599999999946,2229.352678571407,1542.6177777777707,1678.227678571413,1287.9599999999946,19.61250000000005,28.25333333333319,18.74166666666672,26.67999999999987,30.245535714285438,28.25333333333319,31.441964285713983,26.67999999999987,0.09288725492749055,0.056459400314183006,0.05993030153273464,0.05449493870636367,0.0714920279766237,0.056459400314183006,0.03519336228002285,0.05449493870636367,0.04982608642958911,0.04978968111646222,0.048591265790377564,0.04978968111646218,0.04971218181098183,0.04978968111646222,0.04828863315353511,0.04978968111646218,0.8387295757498027,0.7295339675036793,0.8867046999074232,0.7745290206112546,0.6317754318379047,0.7295339675036793,0.6881345798488464,0.7745290206112546,0.6619025735294117,0.18187483172829352,0.650750612745098,0.22907347390709734,0.5511642156862746,0.25590458892896006,0.75390625,paved
414.88333333333435,906.5466666666637,509.6833333333348,696.1111111111081,1012.5133928571335,906.5466666666637,1324.2633928571308,696.1111111111081,14.17500000000002,22.271111111111015,15.716666666666692,19.33777777777769,22.531249999999826,22.271111111111015,26.638392857142623,19.33777777777769,0.09256824374069525,0.05273764759755366,0.1118503033477262,0.07870601968657803,0.055542000557922015,0.05273764759755366,0.05172293715804126,0.07870601968657803,0.04894725051862799,0.04909049340972095,0.047871355387816894,0.049888765156985676,0.049812307152725825,0.04909049340972095,0.0481853418413453,0.049888765156985676,0.8696262654306547,0.7246839813834022,0.8523161041524965,0.7887203354920084,0.6738683364370875,0.7246839813834022,0.6325040656158013,0.7887203354920084,0.49604779411764705,0.13396081812030866,0.4561121323529412,0.17001336768789438,0.35470281862745096,0.18708918532174557,0.6875,paved
512.0541666666678,1330.0622222222185,1177.8125000000018,1599.982222222214,1197.397321428561,1330.0622222222185,2907.71874999997,1599.982222222214,15.52083333333335,25.608888888888767,21.97916666666671,27.31555555555542,24.941964285714118,25.608888888888767,37.79017857142828,27.31555555555542,0.09701717556247885,0.06956311327438408,0.06502036550549144,0.0571376781004599,0.06552948852964663,0.06956311327438408,0.04733639627184183,0.0571376781004599,0.050173310744967836,0.04838120234906037,0.047689679759414995,0.049491238780711135,0.0493096473981569,0.04838120234906037,0.04808182863512906,0.049491238780711135,0.8634093324364258,0.6562430173341849,0.6876109081830144,0.5879270816964701,0.6846797444156807,0.6562430173341849,0.2525874286022422,0.5879270816964701,0.6580116421568627,0.13176066355911475,0.6109221813725491,0.18030574969836136,0.4930912990196079,0.21847729951735662,0.7109375,paved
473.62916666666786,1003.9688888888858,711.370833333335,1092.862222222219,1083.1428571428469,1003.9688888888858,2084.1249999999786,1092.862222222219,15.204166666666694,23.551111111111016,17.304166666666713,22.46222222222214,25.31249999999976,23.551111111111016,30.71428571428543,22.46222222222214,0.10732529722149492,0.06450686585430271,0.0891966088559783,0.06325133610276468,0.03579954976675007,0.06450686585430271,0.05092256301783068,0.06325133610276468,0.048591265790377466,0.049090493409721,0.04841229182759268,0.04959091912093626,0.04869960765462325,0.049090493409721,0.04839170399258613,0.04959091912093626,0.9226272864816136,0.8409944322863505,0.8847083797051951,0.8271812663126404,0.8205978531533831,0.8409944322863505,0.6715866553977415,0.8271812663126404,0.44620098039215683,0.18239736802001977,0.4268229166666666,0.22486865981557408,0.34355085784313727,0.2495407585511469,0.734375,paved
361.65833333333387,637.6666666666641,521.7041666666682,698.5511111111075,807.0044642857077,637.6666666666641,1076.9955357142753,698.5511111111075,13.61666666666669,19.755555555555503,17.13750000000003,20.2488888888888,21.13839285714268,19.755555555555503,25.80803571428546,20.2488888888888,0.08364191753350829,0.04884679446285907,0.06585435804413398,0.05955481224043774,0.042605380075401725,0.04884679446285907,0.05147597333414391,0.05955481224043774,0.048858497498160694,0.050283148884376495,0.048769582961331735,0.048888888888888725,0.05001195647858893,0.050283148884376495,0.04839170399258614,0.048888888888888725,0.7984125161771107,0.6174469469106758,0.6771469872911288,0.5804402909532922,0.5637441275934563,0.6174469469106758,0.30451515367906223,0.5804402909532922,0.4853553921568627,0.11773279593922602,0.43037683823529416,0.11493935099775388,0.34114583333333337,0.1255394894892448,0.68359375,unpaved
223.37916666666703,438.23555555555436,229.70000000000024,164.10222222222194,473.6205357142821,438.23555555555436,476.8839285714251,164.10222222222194,10.62083333333336,14.973333333333281,11.200000000000019,9.15111111111107,16.03124999999991,14.973333333333281,16.04464285714275,9.15111111111107,0.13869199825661996,0.08408611978080209,0.11148382095721358,0.10821553318738204,0.08868441272356954,0.08408611978080209,0.07680538430171048,0.10821553318738204,0.05519850541454896,0.05551109331909657,0.05295110427974508,0.054160256030906094,0.05375711865532224,0.05551109331909657,0.05215768502476699,0.054160256030906094,0.7312695880988123,0.45939921013281015,0.735855397025068,0.7996909869075666,0.37264536436462303,0.45939921013281015,0.4532771027606888,0.7996909869075666,0.5366268382352941,0.0825643708631854,0.4940563725490196,0.085922136309718,0.3839154411764706,0.08473920777440883,0.421875,paved
1012.7416666666679,1660.8133333333249,939.9041666666686,1434.5199999999957,2688.517857142835,1660.8133333333249,2371.8526785714057,1434.5199999999957,22.650000000000073,28.662222222222084,22.720833333333434,25.755555555555482,38.68749999999967,28.662222222222084,37.174107142856826,25.755555555555482,0.07906552352980149,0.06633656692471306,0.06003748697673485,0.07105060853878029,0.06768523210159796,0.06633656692471306,0.021159306396415757,0.07105060853878029,0.049035842899749264,0.05008634519815374,0.04714045207910318,0.04949123878071113,0.04951132368932728,0.05008634519815374,0.048185341841345306,0.04949123878071113,0.7911877636019156,0.6508056585101986,0.8055701133164642,0.6974295814871414,0.4330953241851343,0.6508056585101986,0.4957163920217277,0.6974295814871414,0.6442708333333333,0.19072511597441474,0.5949908088235294,0.1969559574143539,0.4817248774509804,0.19863233134648867,0.76953125,paved
699.6458333333345,1284.6088888888846,629.8708333333346,1153.9155555555512,1649.3348214285568,1284.6088888888846,1648.5580357142733,1153.9155555555512,17.929166666666706,27.59555555555546,18.812500000000043,26.653333333333226,28.772321428571225,27.59555555555546,30.04017857142832,26.653333333333226,0.10630269992387203,0.05010414698052404,0.07352851504633315,0.041052115868689634,0.059912997154619445,0.05010414698052404,0.07206589128194049,0.041052115868689634,0.04885849749816073,0.04929127336181946,0.049124275510631664,0.04858491357572303,0.049208499296983024,0.04929127336181946,0.04961185439931397,0.04858491357572303,0.8277512704084313,0.6788918996164905,0.8415306660891158,0.7113440124663551,0.5964800551498405,0.6788918996164905,0.5789354762718004,0.7113440124663551,0.5573682598039216,0.17546122455252589,0.5155024509803922,0.1774647645056661,0.4160692401960784,0.17577589273736494,0.77734375,paved
606.5791666666681,1043.746666666663,602.4666666666677,1103.7244444444416,1649.151785714272,1043.746666666663,1471.227678571414,1103.7244444444416,16.737500000000036,23.622222222222128,16.616666666666692,25.057777777777705,27.81249999999976,23.622222222222128,26.129464285714032,25.057777777777705,0.09940348588527757,0.05363424485708296,0.08201163596834901,0.024327176074207875,0.06549713722936362,0.05363424485708296,0.05586363056096648,0.024327176074207875,0.04956407188904295,0.04939135726865063,0.04912427551063165,0.04878777422244463,0.049208499296983,0.04939135726865063,0.049005576785937366,0.04878777422244463,0.8605711682950079,0.759585226820802,0.857070324533226,0.7451111317846624,0.6352548784225402,0.759585226820802,0.6525418324558854,0.7451111317846624,0.43714767156862755,0.18997482592164017,0.4055606617647059,0.17916352786602902,0.3064644607843137,0.1684985042234662,0.70703125,paved
451.5708333333343,812.7244444444422,439.71666666666766,647.537777777776,1117.7812499999923,812.7244444444422,1180.1026785714173,647.537777777776,13.862500000000013,19.124444444444368,13.733333333333348,16.648888888888834,22.031249999999822,19.124444444444368,23.0312499999998,16.648888888888834,0.12097190858531012,0.08958126947810695,0.10567375507847583,0.08546976816356291,0.08460442589356243,0.08958126947810695,0.07445693567290675,0.08546976816356291,0.05086064839889043,0.05106277908033785,0.05128555677121319,0.052681198182798455,0.050606178789082745,0.05106277908033785,0.05011148285857911,0.052681198182798455,0.8776870264813923,0.7795798265815873,0.8796285196413499,0.8237589775311085,0.7012246110062359,0.7795798265815873,0.6798107927483155,0.8237589775311085,0.44716605392156866,0.17591804984851386,0.40327818627450984,0.16770458059141746,0.30909926470588234,0.1498432745201245,0.55078125,paved
166.3958333333337,249.7466666666663,129.91666666666697,211.62222222222186,371.47767857142554,249.7466666666663,301.1785714285693,211.62222222222186,8.69583333333335,9.977777777777748,7.733333333333357,10.484444444444426,13.691964285714207,9.977777777777748,12.294642857142787,10.484444444444426,0.1692177145333941,0.1710305629535627,0.16894511684726604,0.0904020011853899,0.10188420273262357,0.1710305629535627,0.11643960591560773,0.0904020011853899,0.05840769070365076,0.062459863655800585,0.059292706128157104,0.05828834243823973,0.05655740830053483,0.062459863655800585,0.054034457307634336,0.05828834243823973,0.7900046724420478,0.677549298926657,0.8505200098678536,0.7154497225054626,0.47420245542198275,0.677549298926657,0.6458582511182194,0.7154497225054626,0.6698069852941175,0.07879390777329208,0.6075061274509803,0.08497238642729449,0.473452818627451,0.08976626675719777,0.37890625,unpaved
511.3750000000018,1154.5777777777744,733.900000000001,1034.2799999999972,1197.8571428571333,1154.5777777777744,1836.2455357142721,1034.2799999999972,16.00833333333336,26.328888888888805,20.37500000000004,25.515555555555444,24.696428571428406,26.328888888888805,32.66517857142831,25.515555555555444,0.11544391872759505,0.0487462833134532,0.07650295596429453,0.05059049313533608,0.0639186578038261,0.0487462833134532,0.06731106241149491,0.05059049313533608,0.04956407188904299,0.049491238780711114,0.04903584289974927,0.048176629752619375,0.04880181051132867,0.049491238780711114,0.04920849929698304,0.048176629752619375,0.8558817518757315,0.6690229501770036,0.7881411434936723,0.7014644222899267,0.6668685323451018,0.6690229501770036,0.472412680944384,0.7014644222899267,0.5643688725490196,0.159466011185794,0.5185202205882352,0.16676077010925885,0.4139093137254902,0.1706268686356674,0.81640625,unpaved
590.9416666666673,1166.6666666666633,612.1166666666675,983.50222222222,1590.325892857127,1166.6666666666633,1396.3794642857017,983.50222222222,16.99166666666668,25.822222222222063,17.033333333333374,23.44888888888878,29.986607142856908,25.822222222222063,27.066964285714054,23.44888888888878,0.0839597803691757,0.04577336880516089,0.09104570419949042,0.04742392575402422,0.051791622802889264,0.04577336880516089,0.058719890223961006,0.04742392575402422,0.04991311896129557,0.04888888888888873,0.04894725051862803,0.04929127336181945,0.048288633153535127,0.04888888888888873,0.04961185439931397,0.04929127336181945,0.7929916131725439,0.5920240358819084,0.7769579151564151,0.6571200725015939,0.4637742010444827,0.5920240358819084,0.5019572747677529,0.6571200725015939,0.5319699754901961,0.1400421774980049,0.4896599264705882,0.1471201291422148,0.38149509803921566,0.15338668263210206,0.76171875,paved
90.37083333333354,356.0088888888873,336.1250000000004,373.8888888888876,140.83928571428447,356.0088888888873,1025.1428571428482,373.8888888888876,6.370833333333351,14.933333333333279,14.625000000000028,15.248888888888825,8.20535714285709,14.933333333333279,26.589285714285495,15.248888888888825,0.18042701409408418,0.06808973619773448,0.05910231575573114,0.04960242959397024,0.13188096353602988,0.06808973619773448,0.03728298597583423,0.04960242959397024,0.054166666666666544,0.05067446333773923,0.04903584289974919,0.05086899174337576,0.05347834174424471,0.05067446333773923,0.05060617878908267,0.05086899174337576,0.9482433792311905,0.7968901786217405,0.8094634454486364,0.787472043643845,0.9191447435625663,0.7968901786217405,0.43918703220492095,0.787472043643845,0.4089767156862745,0.11995454847749515,0.3982077205882353,0.11670464227457097,0.2872089460784314,0.11138147684431181,0.59375,paved
65.11250000000011,405.98222222222,391.55833333333436,402.62222222222033,112.7455357142848,405.98222222222,1119.455357142847,402.62222222222033,5.612500000000019,16.42666666666661,16.20833333333338,16.45333333333326,7.53124999999995,16.42666666666661,29.26785714285691,16.45333333333326,0.18797407161827048,0.045931886957407506,0.04810213126941841,0.04882403317467365,0.11251615723807522,0.045931886957407506,0.02885840009769484,0.04882403317467365,0.053277966052268345,0.050184843513938523,0.049124275510631685,0.04969039949999515,0.05301045574570453,0.050184843513938523,0.04910714285714238,0.04969039949999515,0.9649778813901386,0.7863962575079105,0.7920864652213758,0.7880860281261941,0.9396004490569191,0.7863962575079105,0.4276965647972972,0.7880860281261941,0.4165441176470588,0.11383471502266194,0.39793198529411755,0.12398564999375017,0.2924172794117647,0.11294708863950803,0.703125,paved
69.55833333333348,372.2444444444423,361.4083333333343,371.90222222222076,118.20535714285626,372.2444444444423,1014.638392857134,371.90222222222076,5.650000000000013,15.693333333333271,15.500000000000023,15.644444444444373,7.428571428571382,15.693333333333271,27.04017857142836,15.644444444444373,0.18718953022376714,0.05551243224305802,0.052294066692122367,0.04538536094883771,0.1363161183150045,0.05551243224305802,0.0335763154656454,0.04538536094883771,0.054406520238335726,0.05115939748098351,0.04850186136176174,0.05173531878587892,0.05291638210325709,0.05115939748098351,0.04930964739815694,0.05173531878587892,0.9624802894536076,0.8068538199799357,0.8130368222381378,0.8068606723108034,0.9365315140695981,0.8068538199799357,0.4593933010966327,0.8068606723108034,0.4106770833333333,0.11770405803489914,0.3936274509803921,0.12331525164376937,0.28958333333333336,0.11308871072169457,0.6875,paved
77.44166666666682,373.3955555555533,371.4250000000008,408.9822222222206,137.0089285714274,373.3955555555533,1052.8749999999911,408.9822222222206,5.983333333333348,15.66222222222216,15.650000000000032,16.333333333333254,8.017857142857098,15.66222222222216,27.58035714285693,16.333333333333254,0.17684990030522335,0.0669986222537479,0.050505608919030505,0.03904783154395459,0.13594966734825112,0.0669986222537479,0.025127311071215384,0.03904783154395459,0.05432668671002196,0.050576918563293306,0.047689679759414974,0.05057691856329332,0.05301045574570443,0.050576918563293306,0.05001195647858897,0.05057691856329332,0.9594011276784955,0.8117343796050157,0.8115036411273949,0.7934122517660702,0.9281933695101751,0.8117343796050157,0.45115423298758184,0.7934122517660702,0.4091452205882352,0.11921463244496965,0.3893382352941176,0.12420492770701617,0.28550857843137256,0.11401623436935161,0.6875,paved
343.5583333333344,545.3599999999975,400.1083333333343,707.9333333333317,795.7589285714214,545.3599999999975,1121.2946428571324,707.9333333333317,13.650000000000018,17.457777777777714,15.508333333333377,20.822222222222155,21.508928571428413,17.457777777777714,26.276785714285467,20.822222222222155,0.08726699895152885,0.07607475305752603,0.05148497126667514,0.07430042979542147,0.077654445351563,0.07607475305752603,0.05621965106397298,0.07430042979542147,0.050945913585989384,0.04998765279645309,0.04982608642958913,0.05028314888437651,0.050507627227610034,0.04998765279645309,0.050210811960722655,0.05028314888437651,0.8207498326200952,0.7119068364944857,0.7875208807471097,0.626861613883432,0.5853631703758392,0.7119068364944857,0.4025892350135339,0.626861613883432,0.6333180147058823,0.09642668854026158,0.5219669117647059,0.12938422523720627,0.4306985294117647,0.14631766613453906,0.703125,unpaved
69.74166666666683,360.6755555555534,360.67500000000086,391.6622222222206,120.02678571428474,360.6755555555534,1023.5669642857051,391.6622222222206,5.7416666666666805,15.413333333333275,15.50833333333336,16.159999999999922,7.47321428571424,15.413333333333275,27.272321428571214,16.159999999999922,0.18374948725233053,0.059303083641676316,0.05316167219576634,0.04024031625240941,0.14331381475720348,0.059303083641676316,0.03181061747909151,0.04024031625240941,0.05496210815947039,0.05038126243890927,0.048142583367880604,0.05096597751635407,0.05338509260313072,0.05038126243890927,0.049712181810981866,0.05096597751635407,0.9635869679212855,0.8184845824626462,0.8182523273809683,0.8028715559340655,0.9369498191053596,0.8184845824626462,0.469745796527007,0.8028715559340655,0.4098651960784313,0.1194972813242903,0.3910539215686274,0.12486578482711795,0.28719362745098037,0.11418568609517296,0.68359375,paved
82.60000000000018,291.6444444444433,288.30000000000064,327.3333333333323,146.94196428571297,291.6444444444433,690.6741071428518,327.3333333333323,6.25833333333335,13.199999999999946,13.066666666666693,13.617777777777722,8.468749999999943,13.199999999999946,20.799107142856986,13.617777777777722,0.1819078355150175,0.08562032842540601,0.06811425745761052,0.07576368700591035,0.1346433549161826,0.08562032842540601,0.05361821890620705,0.07576368700591035,0.054486236794258305,0.051544060021080654,0.04938862329637367,0.051544060021080675,0.052538403106873674,0.051544060021080654,0.05109608545651551,0.051544060021080675,0.9498631716113202,0.831631616614044,0.8325372149606727,0.8110458957589308,0.911136445738053,0.831631616614044,0.5962647145638612,0.8110458957589308,0.405438112745098,0.1204049486950434,0.40594362745098045,0.10997337281158885,0.2899662990196078,0.10828344858191828,0.53515625,paved
261.62500000000057,412.29333333333153,266.7791666666673,523.3599999999981,603.4285714285655,412.29333333333153,721.8883928571366,523.3599999999981,11.050000000000022,13.742222222222168,11.395833333333357,16.08888888888883,17.669642857142698,13.742222222222168,19.17410714285697,16.08888888888883,0.1269930730341959,0.12179355473988727,0.10664595427333513,0.10436800688094468,0.08632338195652088,0.12179355473988727,0.09815460778423522,0.10436800688094468,0.053196438895015255,0.05559998223642987,0.053845199930500166,0.05379430416404503,0.05263315233281897,0.05559998223642987,0.052822140920531634,0.05379430416404503,0.867262240190869,0.7923332703007587,0.8668930834159695,0.7365566022633594,0.6828474797527637,0.7923332703007587,0.6497673941328511,0.7365566022633594,0.5830729166666666,0.10161061520158668,0.46493566176470585,0.13159165613444293,0.3722426470588235,0.142681679458051,0.51171875,unpaved
74.22916666666681,387.55555555555367,373.08333333333434,407.3244444444424,132.37499999999915,387.55555555555367,1014.9419642857054,407.3244444444424,5.72916666666668,16.008888888888823,15.916666666666696,16.586666666666595,7.732142857142806,16.008888888888823,27.254464285714082,16.586666666666595,0.1903102591680933,0.053282129416374197,0.045746547778367445,0.03703435274637189,0.12358752193188573,0.053282129416374197,0.03503885823534146,0.03703435274637189,0.05368374469468792,0.052115730664704533,0.049388623296373765,0.050479185296002226,0.05301045574570449,0.052115730664704533,0.04930964739815695,0.050479185296002226,0.9593533635013277,0.796516089956068,0.803550796319704,0.7859104161422339,0.9279483163404906,0.796516089956068,0.44919617996918154,0.7859104161422339,0.4109681372549019,0.11590972041617968,0.3958792892156862,0.12199047712530788,0.29140625,0.11306609810086019,0.69921875,paved
218.36666666666716,360.56888888888767,205.80833333333365,389.36444444444294,536.8883928571375,360.56888888888767,607.9553571428517,389.36444444444294,9.858333333333354,12.471111111111062,9.858333333333354,13.471111111111064,15.89732142857129,12.471111111111062,16.91071428571413,13.471111111111064,0.14069396128188683,0.12522435163794635,0.11636058117992303,0.12204354920788964,0.11063956157736332,0.12522435163794635,0.10772486826819694,0.12204354920788964,0.05424673569288118,0.0576065839858472,0.05574620066774833,0.05586580039989531,0.05412658773652669,0.0576065839858472,0.05421856161379889,0.05586580039989531,0.8846453342391056,0.8135465483680394,0.8972700444328096,0.7990237054009811,0.7126003838241391,0.8135465483680394,0.7060840175029375,0.7990237054009811,0.564031862745098,0.10222041013855626,0.44157475490196074,0.13063641783544316,0.3502910539215686,0.13808922060815745,0.41796875,unpaved
186.46250000000026,433.7866666666649,405.0291666666677,551.7911111111086,431.3392857142818,433.7866666666649,551.2723214285671,551.7911111111086,9.537500000000017,14.648888888888829,13.870833333333373,15.65777777777771,14.785714285714175,14.648888888888829,17.468749999999872,15.65777777777771,0.12406987705657371,0.07728467589353447,0.0867376766116498,0.09706725341281186,0.09181301405837804,0.07728467589353447,0.0725774631088886,0.09706725341281186,0.05204164998665319,0.05057691856329329,0.04973890160963878,0.05106277908033777,0.05090068862049666,0.05057691856329329,0.04951132368932728,0.05106277908033777,0.7941590603766563,0.4830311026221557,0.5317981782444703,0.34161463337379727,0.5293619697747073,0.4830311026221557,0.3731253047402298,0.34161463337379727,0.3816789215686274,0.08724954457969225,0.3189031862745098,0.08899243991600882,0.24739583333333337,0.07537795217887265,0.51953125,unpaved
41.158333333333374,50.306666666666615,32.529166666666704,50.564444444444405,66.8258928571427,50.306666666666615,45.35267857142847,50.564444444444405,4.92500000000001,5.479999999999987,4.562500000000008,5.399999999999989,6.066964285714272,5.479999999999987,5.156249999999988,5.399999999999989,0.1901194421539867,0.16764909328996755,0.19111676618475765,0.17254893538051594,0.17359825007334576,0.16764909328996755,0.1873212638570175,0.17254893538051594,0.06940971353732368,0.06849348892187745,0.06997023176561114,0.0702025288841391,0.07093860974138676,0.06849348892187745,0.07135878287118622,0.0702025288841391,0.3868401545831545,0.22906637198881377,0.4931226448259175,0.22595016199460854,-0.005621700312043365,0.22906637198881377,0.2734692509260759,0.22595016199460854,0.7728400735294119,0.022438976267526476,0.6776501225490195,0.02315474767105199,0.5564950980392156,0.02497084757403993,0.03125,unpaved
187.18333333333337,152.42666666666616,167.7708333333336,334.9199999999985,473.7946428571399,152.42666666666616,327.3482142857126,334.9199999999985,9.533333333333342,9.093333333333309,8.937500000000012,12.119999999999973,14.857142857142774,9.093333333333309,11.79464285714281,12.119999999999973,0.11948309189353498,0.14254015651194307,0.12199040387225762,0.09667146630842278,0.0767431362263511,0.14254015651194307,0.11208911270336759,0.09667146630842278,0.05376453291901641,0.057777777777777484,0.05480394349152459,0.05416025603090611,0.05310436273825992,0.057777777777777484,0.05673332601401217,0.05416025603090611,0.8486221359293964,0.8687830962781719,0.8621814837366367,0.7163175809900915,0.5982142842052812,0.8687830962781719,0.726922308687369,0.7163175809900915,0.7126378676470588,0.08854836499995415,0.6187959558823529,0.10545826339425399,0.49272365196078427,0.09685580257868232,0.29296875,unpaved
8.49166666666668,12.697777777777755,11.233333333333348,11.222222222222207,12.526785714285683,12.697777777777755,11.758928571428536,11.222222222222207,2.3166666666666687,2.7333333333333303,2.6166666666666694,2.7155555555555506,2.7946428571428523,2.7333333333333303,2.6874999999999964,2.7155555555555506,0.33102450975716186,0.311160942913577,0.30799627847691,0.2763648521475461,0.2972940974098867,0.311160942913577,0.29207397050024214,0.2763648521475461,0.09695896898516768,0.09792917571791397,0.09646530752325212,0.09650689222492628,0.09616365727025901,0.09792917571791397,0.09739921530924736,0.09650689222492628,0.8045982062601125,0.6996875292715018,0.7508617264099506,0.7305580276634199,0.7044112764494597,0.6996875292715018,0.7273412892063353,0.7305580276634199,0.2733149509803921,0.026306949692280333,0.27518382352941173,0.0168110054322408,0.20816482843137257,0.01257254359107404,0.0,unpaved
1353.4166666666695,2612.1866666666565,1297.1541666666692,1834.5155555555493,2869.6383928571195,2612.1866666666565,3028.160714285684,1834.5155555555493,25.36666666666677,35.2888888888887,25.06250000000006,31.18222222222208,38.959821428571054,35.2888888888887,39.16071428571395,31.18222222222208,0.06624218830993342,0.06758794263693498,0.06889607518736358,0.04966708121592316,0.048993335223312624,0.06758794263693498,0.033919006795133544,0.04966708121592316,0.0479619351384223,0.04909049340972099,0.04695594862326939,0.048584913575723095,0.048597189859547016,0.04909049340972099,0.048288633153535127,0.048584913575723095,0.7827587297164161,0.5767058858159455,0.7924002822131702,0.7032215310497846,0.531351452110227,0.5767058858159455,0.5076828930072568,0.7032215310497846,0.6269301470588236,0.19901319117792063,0.5834558823529412,0.22720280869169135,0.5036764705882353,0.249019245985533,0.78515625,unpaved
475.7208333333343,1383.0755555555513,1044.6083333333345,1418.7466666666617,1007.959821428563,1383.0755555555513,2470.62946428569,1418.7466666666617,15.020833333333362,25.537777777777688,19.183333333333383,24.559999999999928,22.575892857142694,25.537777777777688,33.406249999999744,24.559999999999928,0.1031864812349375,0.049443995124788996,0.07302531822795569,0.04798333158472607,0.06980925266193846,0.049443995124788996,0.033096488837391115,0.04798333158472607,0.04912427551063165,0.04939135726865064,0.04768967975941499,0.04988876515698573,0.0491071428571424,0.04939135726865064,0.049208499296983,0.04988876515698573,0.8853336765711408,0.6678838595005029,0.7435050806672734,0.6590385876581487,0.7601119141461642,0.6678838595005029,0.37051609817244774,0.6590385876581487,0.6177236519607843,0.14688713473388676,0.5630821078431373,0.18858954063399494,0.4676011029411764,0.21242358250713522,0.76953125,paved
229.20833333333377,887.4266666666648,776.6125000000017,940.8977777777769,500.5401785714249,887.4266666666648,1709.2187499999852,940.8977777777769,10.075000000000012,22.377777777777695,19.037500000000062,22.435555555555457,15.763392857142746,22.377777777777695,30.47767857142831,22.435555555555457,0.15315874406320618,0.046777727023409106,0.0868607977905519,0.06933665661064355,0.10369314352801742,0.046777727023409106,0.04052994880945653,0.06933665661064355,0.051285556771213214,0.04868644955601458,0.04823265376162594,0.0491909858248413,0.051774167431888854,0.04868644955601458,0.05021081196072266,0.0491909858248413,0.9328385587984097,0.7000848646283371,0.7334486300852243,0.6849210461571539,0.8548571241031143,0.7000848646283371,0.36509878465218687,0.6849210461571539,0.6684895833333335,0.13033171688057305,0.6337009803921568,0.17226604574921306,0.5091605392156864,0.1978858349345905,0.74609375,paved
469.69583333333406,888.0577777777755,418.1833333333346,764.8666666666643,1083.236607142848,888.0577777777755,1099.9553571428478,764.8666666666643,13.754166666666677,19.302222222222174,10.508333333333324,17.764444444444422,23.156249999999826,19.302222222222174,17.991071428571274,17.764444444444422,0.16115443363238877,0.13041316593228752,0.1977985717544205,0.13615123486458502,0.09165221647624192,0.13041316593228752,0.13346944225564442,0.13615123486458502,0.05519850541454885,0.054342307825055135,0.05613413993878104,0.054614247677530814,0.053198103963450184,0.054342307825055135,0.05494881082629924,0.054614247677530814,0.8248452931935905,0.6744053982339565,0.8372106099763185,0.7194026208422574,0.6206530626126753,0.6744053982339565,0.57611749195968,0.7194026208422574,0.5686121323529411,0.1051853294576828,0.5209865196078431,0.1516304044921493,0.4004442401960785,0.18399888937065134,0.4921875,paved
226.84166666666687,1279.9688888888838,1026.2875000000022,1107.2488888888845,616.2053571428528,1279.9688888888838,2860.0937499999777,1107.2488888888845,9.283333333333337,24.262222222222128,21.162500000000048,22.91999999999987,14.999999999999892,24.262222222222128,38.49553571428533,22.91999999999987,0.14587203037747679,0.07436654375001013,0.07605707831992961,0.07098098630841201,0.12483487725531146,0.07436654375001013,0.04171471624743497,0.07098098630841201,0.052456992966725645,0.049590919120936265,0.04868050602311636,0.05067446333773922,0.05177416743188875,0.049590919120936265,0.04859718985954695,0.05067446333773922,0.937360348254004,0.667193769050297,0.728847904335025,0.7121697975330086,0.8308788066192045,0.667193769050297,0.2841642406373206,0.7121697975330086,0.5035079656862744,0.1456812834678156,0.4668964460784314,0.17231701640018182,0.3646139705882353,0.20580032495450942,0.65625,paved
342.2541666666675,1769.5422222222148,1414.1208333333363,1708.3022222222148,889.8571428571363,1769.5422222222148,3859.4687499999663,1708.3022222222148,10.462500000000002,29.79111111111098,25.754166666666737,29.048888888888733,16.30357142857131,29.79111111111098,47.58482142857094,29.048888888888733,0.1559332722832211,0.0451617227327952,0.0598065831641263,0.06389725282617968,0.1381250524178411,0.0451617227327952,0.01847777246831838,0.06389725282617968,0.052786914413832944,0.04929127336181948,0.04714045207910319,0.04929127336181947,0.05319810396345025,0.04929127336181948,0.048903799777246494,0.04929127336181947,0.9243958192174787,0.631370568391661,0.7016512296898827,0.6441174879267637,0.8083045972158039,0.631370568391661,0.2314228085493744,0.6441174879267637,0.4911764705882352,0.15544858875111595,0.4716605392156863,0.1941679072162812,0.38311887254901955,0.23558655162559922,0.71875,paved
96.34166666666688,140.09777777777796,45.28333333333333,92.57777777777774,208.45535714285728,140.09777777777796,75.28125000000004,92.57777777777774,5.358333333333345,6.3822222222222145,3.766666666666676,5.1377777777777816,8.241071428571436,6.3822222222222145,4.602678571428572,5.1377777777777816,0.3095092905473992,0.2591471038862689,0.3264579058899459,0.3051110001283338,0.24413942798904842,0.2591471038862689,0.33027328290293856,0.3051110001283338,0.10142217870531749,0.09933109617167567,0.10017346066809438,0.10173798348675205,0.0934838910329104,0.09933109617167567,0.10258147583103636,0.10173798348675205,0.8379510997364296,0.7612759977908994,0.9338251053797242,0.8419671995829096,0.5996389060371776,0.7612759977908994,0.887636701663838,0.8419671995829096,0.7234528186274508,0.04724858488901229,0.7616421568627452,0.08707217800219176,0.5939031862745097,0.07176947474537038,0.19921875,paved
60.24166666666674,71.73777777777785,31.404166666666757,65.64444444444445,122.01785714285691,71.73777777777785,48.95089285714283,65.64444444444445,5.033333333333348,5.0266666666666575,3.3458333333333408,5.2266666666666595,7.696428571428555,5.0266666666666575,4.361607142857136,5.2266666666666595,0.22712446541847178,0.2638343477697096,0.311225216779414,0.23293343674006975,0.14541685311443564,0.2638343477697096,0.24431970105396153,0.23293343674006975,0.07551903733496623,0.0826714455010589,0.07900202177441074,0.07509664554984798,0.06944798743796432,0.0826714455010589,0.07589285714285698,0.07509664554984798,0.8798739665374483,0.8563601090598835,0.945937835235115,0.8625396476895205,0.7471880177131184,0.8563601090598835,0.9143306772864587,0.8625396476895205,0.7182598039215684,0.04690266548711525,0.746109068627451,0.08082848190198601,0.5860294117647058,0.06180602803840326,0.15625,paved
103.65000000000015,131.41777777777736,129.6833333333335,167.95111111111046,170.8883928571419,131.41777777777736,220.4107142857129,167.95111111111046,7.3666666666666965,8.45777777777775,8.133333333333356,9.231111111111087,9.683035714285662,8.45777777777775,10.723214285714208,9.231111111111087,0.15271073192092854,0.11712529915637883,0.13295789503016917,0.12552310820125537,0.12245255454212693,0.11712529915637883,0.10652381450310189,0.12552310820125537,0.05892556509887891,0.05691665988829166,0.056749326966150884,0.055777335102271404,0.05682108063106131,0.05691665988829166,0.0575182978871652,0.055777335102271404,0.6883174160599979,0.6018116097185493,0.6408541311275527,0.4917030063324863,0.46519487962762635,0.6018116097185493,0.3783149602811308,0.4917030063324863,0.32198223039215684,0.06233694240336987,0.3438878676470588,0.05056071430266038,0.3058210784313725,0.04621247809031233,0.1953125,unpaved
13.762500000000015,19.786666666666623,13.583333333333346,16.86666666666663,23.245535714285637,19.786666666666623,25.732142857142694,16.86666666666663,2.8541666666666745,3.519999999999996,2.875000000000008,3.1422222222222143,3.709821428571414,3.519999999999996,3.8660714285714066,3.1422222222222143,0.29561787121817096,0.23367909607633938,0.27694954241464237,0.29059355294757244,0.2534830735373813,0.23367909607633938,0.23153788512675158,0.29059355294757244,0.08374896350934082,0.08225224677031895,0.08544206939337454,0.08438594464910013,0.07853844681142447,0.08225224677031895,0.08115919179775767,0.08438594464910013,0.826359694473496,0.7383319070502272,0.8244006752853381,0.7782121254427805,0.6978912547039049,0.7383319070502272,0.646692917910591,0.7782121254427805,0.30258884803921565,0.031923427879945614,0.3270680147058823,0.024609550212435344,0.2390625,0.022137128682352177,0.0,unpaved
13.941666666666682,17.95999999999998,17.59166666666667,16.866666666666646,14.897321428571402,17.95999999999998,13.656249999999982,16.866666666666646,2.5583333333333393,2.8399999999999963,2.8333333333333366,2.751111111111109,2.6741071428571406,2.8399999999999963,2.674107142857139,2.751111111111109,0.3454098600793664,0.3068447545034182,0.31671562231882916,0.32481657008580467,0.34599145793446795,0.3068447545034182,0.3137281847868991,0.32481657008580467,0.1227930169024283,0.12094279843722448,0.12240359017973669,0.126803045490552,0.12892436676958596,0.12094279843722448,0.12507969398323118,0.126803045490552,0.3485160210022131,0.1611003750125135,0.16210070205323696,0.21469074381237016,0.18702835331716797,0.1611003750125135,0.20324415775443827,0.21469074381237016,0.25131740196078434,0.013782508874724963,0.2863051470588235,0.013352747667737091,0.20326286764705886,0.013120822470389428,0.0,unpaved
278.77916666666715,823.284444444442,608.7625000000013,807.8133333333312,721.6964285714212,823.284444444442,1693.0848214285545,807.8133333333312,9.595833333333356,17.071111111111072,13.529166666666704,16.80888888888884,16.142857142856972,17.071111111111072,23.709821428571193,16.80888888888884,0.204662478115289,0.1092377048651803,0.1292329183930635,0.10491702126300106,0.14064840579516302,0.1092377048651803,0.07403870453232685,0.10491702126300106,0.061449505015635716,0.05506449641495015,0.05636562191028592,0.05613035973473332,0.05646924393157737,0.05506449641495015,0.055937339670274464,0.05613035973473332,0.9462659828528147,0.8472922753419732,0.89062077271665,0.850227864463164,0.8548285790632134,0.8472922753419732,0.7051684531125241,0.850227864463164,0.44908088235294114,0.22534521360747756,0.4368872549019608,0.1946078045512877,0.327374387254902,0.20202441386873168,0.44921875,paved
328.7750000000006,635.6399999999983,312.2625000000014,548.8933333333316,876.2053571428503,635.6399999999983,726.2499999999951,548.8933333333316,12.275000000000015,17.497777777777724,10.454166666666683,15.968888888888843,22.008928571428402,17.497777777777724,15.133928571428472,15.968888888888843,0.11420653603009816,0.10467580743644697,0.13518877743391178,0.0984760995713144,0.05859773084223308,0.10467580743644697,0.12481612654143984,0.0984760995713144,0.05077524002897468,0.05173531878587889,0.052208183692256896,0.05192587309132383,0.049005576785937366,0.05173531878587889,0.05282214092053178,0.05192587309132383,0.843132592779321,0.6961228285224086,0.8444562348852401,0.7365579579057862,0.5998499462783207,0.6961228285224086,0.6420433346549319,0.7365579579057862,0.5472120098039215,0.11318053419125082,0.4784007352941177,0.13154939086540943,0.3522365196078431,0.12772635559330103,0.51171875,paved
359.4625000000007,700.262222222221,329.4500000000012,605.3866666666655,938.4776785714208,700.262222222221,759.4598214285659,605.3866666666655,13.079166666666682,18.911111111111055,10.775000000000018,17.155555555555516,22.7276785714284,18.911111111111055,15.906249999999886,17.155555555555516,0.10356097962111355,0.0887643524648243,0.12649739629986587,0.09657924771127407,0.07436157112184034,0.0887643524648243,0.12134134455290344,0.09657924771127407,0.05162296538901601,0.051735318785878906,0.05187458165828633,0.05192587309132382,0.0499122316406198,0.051735318785878906,0.05412658773652686,0.05192587309132382,0.8262150545893295,0.6733706662653719,0.8387778178126595,0.716570102144149,0.5657511635766691,0.6733706662653719,0.628658225651944,0.716570102144149,0.5501685049019608,0.11424119974648345,0.48521752450980393,0.12941789255576644,0.35696997549019605,0.1267317585176788,0.56640625,paved
317.5625000000006,620.6755555555542,309.9500000000013,547.4577777777761,797.5535714285649,620.6755555555542,712.2098214285667,547.4577777777761,11.870833333333353,17.182222222222162,10.47500000000001,16.079999999999952,20.25892857142841,17.182222222222162,14.665178571428473,16.079999999999952,0.13126328399052337,0.09462239134897188,0.1251616445811481,0.07646905845193168,0.08421606236738911,0.09462239134897188,0.12807796898641796,0.07646905845193168,0.0536028347094524,0.05268119818279835,0.052786914413832965,0.052304899093065564,0.050802708378307665,0.05268119818279835,0.05449355185595346,0.052304899093065564,0.8334269598651225,0.6725796840829574,0.8304013441189751,0.7116349845491154,0.5955394783134603,0.6725796840829574,0.6149565422110873,0.7116349845491154,0.5559436274509804,0.1082917189780523,0.48540134803921575,0.1256366688345919,0.35580575980392154,0.12458755541516023,0.4765625,paved
766.4166666666679,1207.4177777777752,851.2750000000015,742.217777777776,1669.6428571428428,1207.4177777777752,1760.6919642856985,742.217777777776,17.866666666666713,21.231111111111016,19.508333333333393,16.413333333333277,27.187499999999783,21.231111111111016,28.843749999999776,16.413333333333277,0.09293601570712362,0.06417863830597012,0.08222623307832883,0.11661712305017902,0.06289427169750506,0.06417863830597012,0.06225148433682746,0.11661712305017902,0.04921254921257382,0.04939135726865063,0.04921254921257382,0.05008634519815378,0.04961185439931399,0.04939135726865063,0.04930964739815696,0.05008634519815378,0.815129656945024,0.7150866981633502,0.8011579782584208,0.8249725797466908,0.5921528685202804,0.7150866981633502,0.59631174217659,0.8249725797466908,0.48676470588235293,0.18560897618790556,0.4909466911764706,0.18105755986162073,0.45052083333333326,0.16055820206074417,0.55078125,paved
1054.2416666666675,1410.6533333333266,1078.6375000000014,1470.262222222215,2450.4955357142653,1410.6533333333266,2154.9151785714084,1470.262222222215,22.85833333333338,25.2488888888888,22.762500000000067,25.76444444444432,38.01339285714259,25.2488888888888,35.01339285714258,25.76444444444432,0.07999121933285586,0.09062828523881691,0.08258695927773593,0.08251191256096782,0.029385299172773126,0.09062828523881691,0.06042870484748933,0.08251191256096782,0.04805234414446174,0.050674463337739284,0.0477806039215822,0.050283148884376495,0.04828863315353518,0.050674463337739284,0.04890379977724655,0.050283148884376495,0.829790460222093,0.773918187948119,0.8234698319339555,0.7640735584811552,0.609780250135852,0.773918187948119,0.6449097252265427,0.7640735584811552,0.5597732843137255,0.2195921114888707,0.5558210784313726,0.21500113125635614,0.4928155637254902,0.21718988724230073,0.76953125,paved
811.9208333333355,1318.9022222222184,957.1708333333346,841.9822222222189,1731.080357142842,1318.9022222222184,1573.7008928571295,841.9822222222189,21.254166666666716,25.151111111111053,22.762500000000056,21.04888888888881,31.803571428571164,25.151111111111053,29.9866071428569,21.04888888888881,0.08066223680302428,0.05532811233365355,0.08118544169765876,0.05655541996678584,0.05385251592241042,0.05532811233365355,0.07252356753296449,0.05655541996678584,0.04991311896129552,0.05047918529600221,0.049913118961295494,0.049291273361819446,0.04920849929698297,0.05047918529600221,0.05011148285857905,0.049291273361819446,0.6068563909032109,0.36572777657633665,0.5338150050536594,0.5940960945156317,0.16777124681152208,0.36572777657633665,0.23549481022812316,0.5940960945156317,0.49307598039215683,0.12236651545235079,0.48825061274509807,0.12678559248890908,0.4375459558823529,0.13301454777748284,0.64453125,paved
657.1375000000004,558.0133333333307,800.8000000000012,1532.5733333333314,1593.0223214285606,558.0133333333307,1826.1830357142708,1532.5733333333314,16.63750000000003,15.737777777777717,18.35000000000005,24.733333333333256,26.772321428571235,15.737777777777717,29.415178571428346,24.733333333333256,0.12441257219264738,0.09411838140318105,0.10446587571709828,0.09933038967870346,0.07034305483144414,0.09411838140318105,0.06051892995458737,0.09933038967870346,0.05120085719768547,0.052020888492087025,0.050086730334047105,0.051639777949432045,0.04941058844013049,0.052020888492087025,0.05060617878908276,0.051639777949432045,0.8758111553425223,0.8954866829278755,0.846728651947705,0.7124892402598111,0.7038746414921067,0.8954866829278755,0.6520974799134653,0.7124892402598111,0.5650735294117647,0.19222371379898567,0.564767156862745,0.20453133074752372,0.5128523284313726,0.19780282019660164,0.6484375,paved
822.7708333333335,990.6222222222203,776.5041666666683,839.0666666666658,1685.843749999986,990.6222222222203,1272.2187499999882,839.0666666666658,19.337500000000055,19.075555555555525,18.6791666666667,20.30222222222217,28.54910714285694,19.075555555555525,25.522321428571207,20.30222222222217,0.08884345284196393,0.08937774563959675,0.09137834127082002,0.07656039947723083,0.03714950455724948,0.08937774563959675,0.06301279070166352,0.07656039947723083,0.04938862329637381,0.05324066022538178,0.04991311896129562,0.05173531878587896,0.04941058844013047,0.05324066022538178,0.05050762722761011,0.05173531878587896,0.7805335989088132,0.7372225535932063,0.7989695460142552,0.7779275591440336,0.5442526572325486,0.7372225535932063,0.6754270727754569,0.7779275591440336,0.5759344362745098,0.1764951329002048,0.576485906862745,0.1714146711364978,0.516375612745098,0.16395173582303765,0.58984375,paved
686.4375000000011,897.0266666666645,790.7583333333343,961.3822222222196,1470.3571428571297,897.0266666666645,1523.0178571428428,961.3822222222196,17.529166666666725,19.5866666666666,19.400000000000023,20.15555555555549,26.82142857142833,19.5866666666666,27.90178571428544,20.15555555555549,0.08263730161746881,0.07522588150285299,0.06723795828129148,0.10219455327821149,0.051404372486819824,0.07522588150285299,0.03761567313107365,0.10219455327821149,0.049476425362657936,0.05057691856329332,0.047689679759414974,0.05057691856329329,0.05060617878908264,0.05057691856329332,0.04910714285714234,0.05057691856329329,0.8317446375459808,0.7832111270840949,0.8153038606159956,0.7666875022136713,0.6295467264132207,0.7832111270840949,0.6465061787475411,0.7666875022136713,0.47329963235294115,0.1951332336428966,0.48825061274509807,0.1766896781488382,0.4219822303921569,0.1679705256381742,0.6171875,paved
438.36250000000183,561.1199999999985,321.2208333333345,536.9155555555533,1082.120535714281,561.1199999999985,742.1785714285688,536.9155555555533,11.354166666666673,13.119999999999955,9.412500000000005,12.515555555555503,19.593749999999908,13.119999999999955,14.874999999999972,12.515555555555503,0.16993550669380636,0.13336903399646785,0.20960286037057366,0.19499760388629503,0.1142947825919497,0.13336903399646785,0.14148113487442748,0.19499760388629503,0.05994789404140903,0.061020134301093,0.06229131828219192,0.06045098003882395,0.057431608617270466,0.061020134301093,0.06039173776102079,0.06045098003882395,0.8727769797462237,0.8363066235268097,0.9062903860742229,0.8423193113434367,0.6849439338066411,0.8363066235268097,0.7829741296339094,0.8423193113434367,0.47997855392156863,0.19251029676692186,0.42712928921568627,0.1559611954825063,0.3856770833333334,0.1306214027173801,0.33203125,paved
696.9375000000014,972.1199999999972,258.92083333333386,802.1999999999974,1477.928571428562,972.1199999999972,582.3973214285678,802.1999999999974,15.1375,19.479999999999922,9.320833333333331,17.87111111111107,24.23214285714271,19.479999999999922,15.388392857142781,17.87111111111107,0.15878618789253443,0.12093232599888692,0.1869962453210037,0.11448300762750817,0.11015267014379612,0.12093232599888692,0.1264712079858925,0.11448300762750817,0.05344064724325282,0.053518198127965516,0.05605676686280712,0.05342584568965001,0.055129861764412404,0.053518198127965516,0.05403445730763439,0.05342584568965001,0.6826850236600777,0.568389259384381,0.8805641107102814,0.6431534625096613,0.35286112939443126,0.568389259384381,0.7365329276161018,0.6431534625096613,0.6362591911764706,0.12433876822147195,0.5971200980392156,0.1276563055510141,0.5582107843137256,0.14208368425815882,0.484375,paved
573.3958333333336,893.7733333333316,317.6791666666675,493.1155555555536,1196.9330357142771,893.7733333333316,864.9508928571354,493.1155555555536,15.320833333333336,19.346666666666625,12.229166666666698,15.284444444444402,23.79910714285695,19.346666666666625,21.281249999999826,15.284444444444402,0.14716394051613493,0.11563434235475602,0.12411166103662656,0.1358841595767565,0.08055682678298519,0.11563434235475602,0.08295833482623864,0.1358841595767565,0.056365621910285976,0.05533288710217177,0.0569020845156151,0.058373002384727174,0.0518703126724202,0.05533288710217177,0.05512986176441209,0.058373002384727174,0.6254899239461944,0.4209874095183152,0.7891182093178373,0.6838981415315581,0.2184671694575067,0.4209874095183152,0.4336298116046633,0.6838981415315581,0.4884803921568628,0.11241666784229934,0.48183210784313724,0.10707039446483307,0.49067095588235293,0.13243898031610526,0.5078125,paved
279.4125000000003,801.7644444444414,682.1333333333358,844.4666666666635,599.7053571428535,801.7644444444414,1512.8928571428446,844.4666666666635,12.18750000000003,21.853333333333197,18.525000000000045,22.315555555555463,18.73214285714271,21.853333333333197,27.758928571428385,22.315555555555463,0.09909418046921122,0.03567531366183287,0.10503320306197922,0.04944940472866127,0.06699643473690518,0.03567531366183287,0.05487697560434205,0.04944940472866127,0.049212549212573786,0.04858491357572304,0.050432160153792434,0.04919098582484127,0.0503099449535024,0.04858491357572304,0.0499122316406198,0.04919098582484127,0.8591245664456983,0.603019651553335,0.6848685630572157,0.5824915449071919,0.6785020228822142,0.603019651553335,0.28360973308908494,0.5824915449071919,0.5711090686274509,0.11223282073019306,0.5210631127450981,0.13198904815918291,0.4122702205882353,0.15145487141906697,0.66015625,paved
47.75833333333346,491.56888888888705,570.1958333333346,636.7422222222199,115.59374999999906,491.56888888888705,1108.999999999992,636.7422222222199,4.991666666666686,16.35999999999993,17.67083333333338,18.822222222222145,7.531249999999937,16.35999999999993,25.1874999999998,18.822222222222145,0.21327366570514358,0.08810089507725984,0.06670734877233035,0.06456910318394415,0.1523733104893979,0.08810089507725984,0.05625400088303036,0.06456910318394415,0.058630196997792754,0.05211573066470447,0.051370116691408035,0.05144816401240072,0.054310379734804876,0.05211573066470447,0.05119350420169462,0.05144816401240072,0.9685219998251992,0.6662403327243493,0.6107121483626968,0.5547993584402292,0.9226055539829515,0.6662403327243493,0.1743379412577471,0.5547993584402292,0.3868259803921569,0.11895740288128148,0.359375,0.10564064911407074,0.2885110294117647,0.11235084904819692,0.48828125,paved
217.5625000000004,408.06222222222044,168.5500000000002,165.6844444444441,536.9419642857107,408.06222222222044,397.6383928571397,165.6844444444441,11.56250000000002,16.16888888888884,9.925000000000036,9.27555555555554,19.120535714285566,16.16888888888884,15.825892857142723,9.27555555555554,0.1181218790431479,0.06396768501183916,0.11940300724052075,0.11682765811571873,0.040451578364735626,0.06396768501183916,0.059743525844870395,0.11682765811571873,0.05051814855409216,0.05144816401240078,0.05253966755382695,0.05488484015657065,0.05138778764830903,0.05144816401240078,0.052633152332819004,0.05488484015657065,0.6884214658355796,0.4231208727527489,0.7609704768816848,0.7660834785624933,0.2504584235909512,0.4231208727527489,0.450671051407643,0.7660834785624933,0.34649203431372555,0.07350516444313264,0.30600490196078434,0.07468847498675918,0.23733149509803922,0.07011256463028111,0.55859375,unpaved
211.45000000000036,421.75111111110886,160.37500000000037,147.7244444444441,522.107142857139,421.75111111110886,371.9732142857113,147.7244444444441,11.308333333333342,16.613333333333273,9.683333333333366,8.63111111111109,18.660714285714146,16.613333333333273,15.205357142857023,8.63111111111109,0.11617322271099999,0.0635697362874118,0.11073269297102423,0.14520895121124672,0.047883604536642546,0.0635697362874118,0.05911885337623321,0.14520895121124672,0.05077524002897468,0.05173531878587894,0.050689687752485106,0.0539775902288491,0.05148465444049414,0.05173531878587894,0.050998480619623816,0.0539775902288491,0.7007179366710905,0.42138667309836825,0.775288890826297,0.7972358539164384,0.2652646368489083,0.42138667309836825,0.4826565569921243,0.7972358539164384,0.3589613970588236,0.07614138683228795,0.31919424019607845,0.07337612794981033,0.24643075980392157,0.06831266812463548,0.55078125,unpaved
447.0166666666678,1046.8355555555513,690.2208333333344,774.9066666666647,1184.9910714285622,1046.8355555555513,1487.8526785714182,774.9066666666647,14.591666666666681,19.342222222222155,15.81250000000003,19.066666666666602,24.633928571428395,19.342222222222155,24.95982142857127,19.066666666666602,0.12290475522383298,0.14089296461271034,0.15209658310341517,0.09500782362967598,0.08964651339411339,0.14089296461271034,0.09553574152633418,0.09500782362967598,0.05187458165828638,0.05379430416404515,0.0520416499866533,0.05038126243890927,0.05050762722761007,0.05379430416404515,0.052157685024767066,0.05038126243890927,0.8088172678663426,0.5312556386189227,0.6837943670628269,0.6525956833348898,0.5060455350091331,0.5312556386189227,0.2824283963498599,0.6525956833348898,0.6610140931372549,0.10740080886594379,0.6054381127450981,0.13974988876138014,0.49129901960784317,0.1709779309697614,0.58203125,paved
287.62500000000074,938.226666666665,536.1250000000014,420.15999999999775,782.0937499999932,938.226666666665,1364.0089285714148,420.15999999999775,13.041666666666691,22.17333333333324,16.03333333333335,15.999999999999947,21.575892857142698,22.17333333333324,26.8928571428569,15.999999999999947,0.08967321404112381,0.05578593568063723,0.07168744077360961,0.06868979046985349,0.050831283586600995,0.05578593568063723,0.03827826089956607,0.06868979046985349,0.049476425362658026,0.050381262438909294,0.048680506023116396,0.0486864495560146,0.04920849929698304,0.050381262438909294,0.04859718985954696,0.0486864495560146,0.9141137462630838,0.721784900016755,0.8425057807245196,0.8756665141934167,0.7625448940199572,0.721784900016755,0.6023907084864702,0.8756665141934167,0.5467677696078432,0.1531465811012229,0.5037377450980391,0.16378811718667252,0.3918504901960784,0.17081600284488196,0.703125,paved
254.17916666666682,798.6177777777759,506.354166666668,400.84444444444256,693.6026785714223,798.6177777777759,1057.7276785714182,400.84444444444256,11.829166666666692,18.404444444444387,15.179166666666683,15.422222222222171,19.513392857142737,18.404444444444387,22.290178571428385,15.422222222222171,0.09731451316243024,0.07786054050493965,0.08337588810880224,0.06594936671749946,0.057239284147071134,0.07786054050493965,0.04911701632524088,0.06594936671749946,0.0512855567712132,0.05008634519815382,0.050173310744967954,0.04988876515698573,0.05011148285857915,0.05008634519815382,0.04961185439931395,0.04988876515698573,0.857241406293136,0.5273747822899114,0.7094108660001058,0.7652011860581323,0.6002354486794127,0.5273747822899114,0.37155634461759834,0.7652011860581323,0.6186427696078431,0.10519403861964094,0.5688572303921569,0.12197860411538212,0.4493259803921569,0.13885586731389923,0.57421875,paved
294.50833333333384,517.1644444444428,523.954166666668,762.5511111111092,800.6473214285647,517.1644444444428,1345.6785714285604,762.5511111111092,8.99166666666668,11.519999999999959,12.345833333333372,14.55111111111106,14.915178571428447,11.519999999999959,20.892857142856975,14.55111111111106,0.19047648420683982,0.16657772667859944,0.17461712916540445,0.15177325897853997,0.1491497464820046,0.16657772667859944,0.09659319855346471,0.15177325897853997,0.06548430685625696,0.059129487536222144,0.05877806658194094,0.05987641593469948,0.06368456525753094,0.059129487536222144,0.0562039210357768,0.05987641593469948,0.9027219958730963,0.804661162216638,0.7997000753569755,0.7124485945387496,0.7406811692679657,0.804661162216638,0.4375554264413415,0.7124485945387496,0.3466299019607843,0.160101547077278,0.33524816176470584,0.1500396359357243,0.2971966911764706,0.14362226108072723,0.31640625,paved
389.2041666666674,810.2666666666634,346.3791666666675,42.271111111111125,838.9732142857061,810.2666666666634,785.9241071428502,42.271111111111125,14.287500000000042,21.217777777777712,13.887500000000045,4.991111111111096,21.785714285714093,21.217777777777712,20.959821428571242,4.991111111111096,0.11817020777559283,0.07423780605801732,0.0943163766042794,0.19812885219775592,0.07445825849103395,0.07423780605801732,0.05752021629463125,0.19812885219775592,0.051031036307982745,0.05173531878587892,0.05077524002897463,0.05506449641495021,0.05187031267242015,0.05173531878587892,0.05001195647858893,0.05506449641495021,0.5048371300058637,-0.030851290326082765,0.5630580579139749,0.9457709219145997,-0.07252535814268238,-0.030851290326082765,0.006208918604890092,0.9457709219145997,0.5111672794117647,0.08805812093465686,0.4873161764705883,0.07880652371032512,0.39548100490196075,0.07621290270010175,0.4921875,paved
575.4875000000008,971.6444444444417,525.7875000000004,409.8844444444428,1215.8080357142742,971.6444444444417,1210.946428571419,409.8844444444428,17.962500000000045,23.439999999999895,17.212500000000027,12.488888888888852,27.12053571428547,23.439999999999895,26.37499999999975,12.488888888888852,0.07994283459361574,0.06027191840166486,0.07385903901459744,0.13879343126058585,0.0476558846838291,0.06027191840166486,0.03718648401645317,0.13879343126058585,0.05295110427974498,0.051448164012400745,0.05128555677121306,0.054069000269317186,0.05090068862049666,0.051448164012400745,0.05206207048968957,0.054069000269317186,0.5428862075616366,0.19169735421565595,0.564527322026923,0.6610853702472145,0.04599899031723392,0.19169735421565595,-0.003569881180580574,0.6610853702472145,0.5052696078431373,0.09602519220728876,0.4876225490196079,0.10238638725099095,0.40222120098039216,0.10336771781310373,0.67578125,paved
626.3541666666674,1379.6444444444405,506.4125000000007,94.39111111111072,1472.7455357142717,1379.6444444444405,1293.4866071428444,94.39111111111072,19.337500000000038,29.102222222222096,17.537500000000026,7.279999999999977,30.37053571428543,29.102222222222096,28.08482142857118,7.279999999999977,0.0595759552752346,0.02984557137898098,0.052775512083448044,0.13386476961583016,0.03604781300146331,0.02984557137898098,0.04172631603788772,0.13386476961583016,0.04894725051862798,0.04858491357572306,0.048232653761625915,0.05277485372016824,0.04941058844013043,0.04858491357572306,0.04941058844013039,0.05277485372016824,0.6337590526510644,0.20707786808782827,0.7036648898343969,0.9461875896873493,0.15223259082483706,0.20707786808782827,0.2506237486181632,0.9461875896873493,0.5659313725490196,0.12047285449321106,0.5303462009803922,0.11615849142229111,0.4193627450980393,0.10828646621743311,0.7109375,paved
315.18333333333374,569.9333333333309,234.67083333333363,59.3199999999999,614.8392857142801,569.9333333333309,539.812499999996,59.3199999999999,13.441666666666698,18.413333333333284,11.637500000000024,5.728888888888875,19.116071428571267,18.413333333333284,17.866071428571296,5.728888888888875,0.09382753425152696,0.05491564085922021,0.08876520611015538,0.1690784579096117,0.044972515989916785,0.05491564085922021,0.05022388037465879,0.1690784579096117,0.048947250518628034,0.05028314888437647,0.05017331074496787,0.05708992257184469,0.05090068862049669,0.05028314888437647,0.050802708378307755,0.05708992257184469,0.6767836633121863,0.41764522039472834,0.7620192322293435,0.9389276804351403,0.3774952310555019,0.41764522039472834,0.46031244042355024,0.9389276804351403,0.5734987745098039,0.11092710095246551,0.5338541666666665,0.08423370446521396,0.42034313725490197,0.06939305095579441,0.42578125,paved
360.89166666666705,622.9777777777753,314.19166666666763,87.18222222222184,661.950892857138,622.9777777777753,609.6874999999957,87.18222222222184,13.983333333333348,18.47999999999994,12.800000000000031,6.3911111111110905,19.343749999999844,18.47999999999994,18.6071428571427,6.3911111111110905,0.08490281986423391,0.06397858138891592,0.11740756546979658,0.19808597753429505,0.03683761991830927,0.06397858138891592,0.05524714629670666,0.19808597753429505,0.04982608642958909,0.050771820705759155,0.05253966755382701,0.056042312057415215,0.05099848061962387,0.050771820705759155,0.05090068862049674,0.056042312057415215,0.6657906665520656,0.426299100807643,0.7099175677484773,0.9199022363021236,0.38741923336496503,0.426299100807643,0.4389123354447217,0.9199022363021236,0.5243412990196079,0.08746979601168406,0.5400428921568627,0.09481987864743471,0.45595894607843135,0.08382224025200836,0.4296875,paved
466.88750000000056,1083.8177777777742,432.9541666666677,87.09333333333294,1103.5758928571329,1083.8177777777742,1076.678571428561,87.09333333333294,17.204166666666698,27.17777777777769,16.320833333333365,6.515555555555535,27.504464285714036,27.17777777777769,26.99999999999974,6.515555555555535,0.05339269532495393,0.03984990852953222,0.07234494932650687,0.16361481655980556,0.03466699787770469,0.03984990852953222,0.03082706341996426,0.16361481655980556,0.048232653761625895,0.049987652796453105,0.04982608642958908,0.05595412583117372,0.05021081196072263,0.049987652796453105,0.049511323689327216,0.05595412583117372,0.6085241938475677,0.09919330445960373,0.635742493914103,0.9267609343411795,0.07273859603393758,0.09919330445960373,0.09941026947297664,0.9267609343411795,0.5180759803921569,0.09215912384454986,0.5128523284313726,0.09877065037518815,0.42227328431372546,0.09817262197153029,0.66015625,paved
522.7291666666679,852.1866666666634,454.16250000000065,74.71555555555544,857.5624999999925,852.1866666666634,826.4687499999931,74.71555555555544,17.462500000000038,23.688888888888798,16.03750000000003,5.8266666666666485,23.616071428571217,23.688888888888798,23.031249999999822,5.8266666666666485,0.06724345536797181,0.03083302393477464,0.07621830636641527,0.19619570593047925,0.04737722875748556,0.03083302393477464,0.06164112606454217,0.19619570593047925,0.052539667553826934,0.050479185296002226,0.0511160172766053,0.05879447357921276,0.050704538801787616,0.050479185296002226,0.05244348269852953,0.05879447357921276,0.5467128199847846,0.27161073287269355,0.6111020992644102,0.9365728619348067,0.2518871703571827,0.27161073287269355,0.28872828581397536,0.9365728619348067,0.5163296568627451,0.0895842920521511,0.5263020833333334,0.09692628953301477,0.4497549019607843,0.0924987790478145,0.57421875,paved
434.7541666666677,694.2355555555527,399.4583333333344,147.71999999999943,752.0044642857072,694.2355555555527,708.379464285708,147.71999999999943,15.712500000000043,20.61777777777771,15.375000000000016,7.915555555555522,21.290178571428402,20.61777777777771,20.89732142857126,7.915555555555522,0.08480494627328472,0.04455196588686614,0.07224132352972917,0.16501678643539344,0.05445878842271358,0.04455196588686614,0.038307462845184125,0.16501678643539344,0.051706973524961786,0.050479185296002205,0.048947250518628006,0.05416025603090613,0.05070453880178762,0.050479185296002205,0.05050762722761002,0.05416025603090613,0.6671442012190361,0.46393509793398846,0.6870306490098682,0.8862398324138212,0.4348554556528521,0.46393509793398846,0.4449829661689758,0.8862398324138212,0.5423406862745097,0.09566972315340289,0.5603707107843137,0.10381288027689263,0.4746017156862745,0.09165285735837447,0.47265625,paved
278.6958333333336,510.47555555555334,216.6875000000004,73.90222222222204,574.5624999999952,510.47555555555334,472.75446428571036,73.90222222222204,12.970833333333363,17.933333333333266,11.06250000000003,6.373333333333314,19.05357142857129,17.933333333333266,17.013392857142737,6.373333333333314,0.07639664873821786,0.041763898222801875,0.1177207993354695,0.15889907427170394,0.049176236255290766,0.041763898222801875,0.056819768520391174,0.15889907427170394,0.049124275510631595,0.04998765279645309,0.0493886232963737,0.052961667945835254,0.050011956478588956,0.04998765279645309,0.04971218181098184,0.052961667945835254,0.7592157312904874,0.5589608810431729,0.8132957601247521,0.9358930642919919,0.5021996855367087,0.5589608810431729,0.5905865056395239,0.9358930642919919,0.4723192401960784,0.08874414855465498,0.437530637254902,0.10164471135121757,0.3505667892156863,0.09022043587079503,0.47265625,paved
290.558333333334,550.4311111111083,334.1250000000007,484.86222222221954,616.4241071428515,550.4311111111083,781.0044642857067,484.86222222221954,12.233333333333354,18.146666666666608,14.191666666666695,16.72888888888882,18.87053571428556,18.146666666666608,22.31696428571409,16.72888888888882,0.0793452902045853,0.04974144422868348,0.062432415399191296,0.07357973795445845,0.05430277659584069,0.04974144422868348,0.04015454989231616,0.07357973795445845,0.049738901609638744,0.04998765279645307,0.048232653761625895,0.049888765156985676,0.050111482858579075,0.04998765279645307,0.04971218181098179,0.049888765156985676,0.7819817564661548,0.5913871017463754,0.7451078928823782,0.6405578374723363,0.5540035328371954,0.5913871017463754,0.40092816381645235,0.6405578374723363,0.41671262254901964,0.11323568267794455,0.3667126225490196,0.09468970755968026,0.30625,0.11927684179851152,0.64453125,unpaved
214.19583333333384,355.8755555555544,309.3791666666672,440.5422222222204,456.11160714285353,355.8755555555544,586.2767857142801,440.5422222222204,11.129166666666698,14.115555555555492,12.64583333333337,15.706666666666603,16.415178571428452,14.115555555555492,18.312499999999833,15.706666666666603,0.09751375553033219,0.06638895014951925,0.10390699400141681,0.0831702290206143,0.04568650421710587,0.06638895014951925,0.07421879256670456,0.0831702290206143,0.051285556771213145,0.05144816401240076,0.050518148554092174,0.05038126243890928,0.05138778764830904,0.05144816401240076,0.05090068862049665,0.05038126243890928,0.7117334817429603,0.5166529921975843,0.597003806623185,0.4032741399930966,0.36984054560818796,0.5166529921975843,0.24152025650038025,0.4032741399930966,0.2716605392156863,0.08459712807287885,0.2886488970588235,0.07590728311585863,0.22087928921568628,0.0743920355102681,0.5625,unpaved
557.4416666666687,1041.3377777777746,552.7500000000014,1095.079999999998,1378.1607142857044,1041.3377777777746,1483.124999999989,1095.079999999998,13.01666666666669,19.319999999999922,12.975000000000012,20.199999999999953,21.96428571428548,19.319999999999922,22.08928571428553,20.199999999999953,0.15111949089739163,0.08842970654315478,0.11912943624043891,0.10092680766768847,0.07671053234563209,0.08842970654315478,0.09233799955142143,0.10092680766768847,0.050346024889977366,0.05163977794943205,0.05051814855409228,0.05183068350973581,0.049812307152725874,0.05163977794943205,0.05109608545651563,0.05183068350973581,0.915337531785233,0.8421702594109427,0.9158235841005716,0.834039411571634,0.7912402174539194,0.8421702594109427,0.7742774574802139,0.834039411571634,0.5474571078431373,0.22983105424574543,0.5181832107843136,0.22323658241840313,0.43226102941176475,0.22202755636455315,0.47265625,paved
778.8666666666675,1825.9288888888818,776.1666666666675,370.2844444444426,1997.9910714285534,1825.9288888888818,1965.1339285714123,370.2844444444426,18.900000000000055,29.119999999999862,19.325000000000063,11.875555555555493,31.464285714285438,29.119999999999862,31.42857142857115,11.875555555555493,0.08954111992900157,0.07400688634874773,0.08218081927939873,0.11589480333435342,0.0559373417943921,0.07400688634874773,0.06014169516464727,0.11589480333435342,0.05103103630798278,0.050283148884376475,0.05043216015379244,0.05286834334831225,0.04991223164061976,0.050283148884376475,0.050309944953502335,0.05286834334831225,0.8638731043150215,0.6830769245960153,0.8646836246047135,0.9362285547587118,0.6518571419393563,0.6830769245960153,0.6550214639652467,0.9362285547587118,0.5998621323529412,0.20995199952280286,0.5471047794117646,0.21087662776235513,0.4462469362745098,0.20367072314154147,0.64453125,paved
293.2500000000004,535.1999999999971,405.2208333333343,681.6311111111085,675.0446428571373,535.1999999999971,732.2098214285646,681.6311111111085,11.408333333333347,17.34222222222214,13.887500000000017,19.13333333333325,17.732142857142705,17.34222222222214,19.38839285714271,19.13333333333325,0.11490610527364839,0.05369782186976734,0.11703353626099144,0.07170049696226331,0.06101454616733948,0.05369782186976734,0.059983290532093225,0.07170049696226331,0.05094591358598946,0.05008634519815378,0.04947642536265797,0.049789681116462196,0.04981230715272584,0.05008634519815378,0.04951132368932728,0.049789681116462196,0.861403380050176,0.7247050031905136,0.7966577196935686,0.6545477778956111,0.6793496960883215,0.7247050031905136,0.5938675339186618,0.6545477778956111,0.44119178921568625,0.14000483924965307,0.41017156862745097,0.1249994593413913,0.3122855392156863,0.12174823770673557,0.52734375,paved
801.7250000000006,889.7511111111096,956.7958333333356,1497.3911111111051,1782.1249999999877,889.7511111111096,2088.1116071428364,1497.3911111111051,19.700000000000053,20.408888888888804,21.929166666666724,26.76888888888877,29.94642857142836,20.408888888888804,33.32589285714258,26.76888888888877,0.08728343050779248,0.07502116542685035,0.07537738149127088,0.0748493837982871,0.05235555846499093,0.07502116542685035,0.03360238329610959,0.0748493837982871,0.04850186136176176,0.049789681116462196,0.04778060392158217,0.050184843513938496,0.049309647398156964,0.049789681116462196,0.04910714285714239,0.050184843513938496,0.8181412056625404,0.7950022447801812,0.7827350985338506,0.6573912289179809,0.5921557054312738,0.7950022447801812,0.5266444545803789,0.6573912289179809,0.5856158088235295,0.1869271939554181,0.5388939950980391,0.18554557409775854,0.44132965686274506,0.17937888262355195,0.6875,paved
563.0541666666678,840.06222222222,625.4833333333349,994.94222222222,1508.0669642857013,840.06222222222,1524.999999999989,994.94222222222,14.92083333333336,17.377777777777716,14.783333333333356,18.933333333333266,25.245535714285516,17.377777777777716,24.37499999999983,18.933333333333266,0.14382199343296048,0.13241104490898142,0.1661717593283156,0.14849376659588195,0.07557652780367859,0.13241104490898142,0.09937320161432601,0.14849376659588195,0.05212498334665317,0.056130359734733355,0.05360283470945236,0.053054828383614416,0.05253840310687353,0.056130359734733355,0.05187031267242015,0.053054828383614416,0.8808138117831968,0.821960764205942,0.8719047070322701,0.7904217558619117,0.6682074851246662,0.821960764205942,0.6786052581094419,0.7904217558619117,0.5315870098039216,0.19787279978484143,0.47807904411764707,0.19406455589488847,0.3902879901960784,0.18413370226657977,0.60546875,paved
681.8041666666684,1356.9377777777738,599.9250000000014,433.94222222221975,1646.8705357142724,1356.9377777777738,1480.892857142847,433.94222222221975,18.06250000000004,25.053333333333203,17.67500000000004,13.755555555555524,28.263392857142613,25.053333333333203,27.83928571428554,13.755555555555524,0.08142820874973902,0.05531175988553757,0.0794176162539803,0.10868538042217056,0.03642638829943785,0.05531175988553757,0.05731798173236495,0.10868538042217056,0.04938862329637376,0.050283148884376516,0.048412291827592706,0.0512558337540922,0.04900557678593735,0.050283148884376516,0.05030994495350245,0.0512558337540922,0.8275690707045749,0.6434771822420201,0.8452302325072253,0.8853145756040766,0.5724564010592065,0.6434771822420201,0.6133899911751999,0.8853145756040766,0.6083180147058823,0.18567680908660356,0.5588541666666667,0.17455248162719467,0.4505514705882353,0.16241346021368808,0.5859375,paved
1045.8541666666683,2072.879999999991,1064.7208333333335,1493.835555555547,2169.870535714265,2072.879999999991,2353.4598214285506,1493.835555555547,22.41250000000006,34.23111111111096,22.53750000000007,28.857777777777667,32.44196428571401,34.23111111111096,36.41517857142833,28.857777777777667,0.07930036477104285,0.05951185132117365,0.06397186535909723,0.035206502231053746,0.047861865901923616,0.05951185132117365,0.02536033143197969,0.035206502231053746,0.04859126579037748,0.04827902440533414,0.04714045207910318,0.04878777422244461,0.04869960765462324,0.04827902440533414,0.048801810511328654,0.04878777422244461,0.7456361889359272,0.5196496629852346,0.7515773283482039,0.6538948085256735,0.4764358922964222,0.5196496629852346,0.4593026703089133,0.6538948085256735,0.5561274509803921,0.16249889095531403,0.5466911764705882,0.18285393800565333,0.43789828431372546,0.19352148834510546,0.7734375,paved
410.5500000000009,2122.822222222213,1821.5916666666722,2000.9866666666583,736.5669642857073,2122.822222222213,1869.272321428556,2000.9866666666583,13.691666666666688,36.26222222222205,30.8583333333334,34.75555555555537,18.165178571428406,36.26222222222205,32.72767857142833,34.75555555555537,0.1003205680502123,0.029542460046663603,0.050121349190316127,0.029207196009805713,0.09356851596333217,0.029542460046663603,0.03417052916534607,0.029207196009805713,0.05043216015379247,0.047971184766495166,0.047507309379130745,0.04807401700618637,0.04930964739815692,0.047971184766495166,0.049005576785937366,0.04807401700618637,0.8749196868582994,0.3370389723766395,0.4413389164825646,0.37074635507286235,0.7742058754487775,0.3370389723766395,0.4179017805798794,0.37074635507286235,0.5515778186274509,0.15547062613942575,0.5281862745098039,0.16222990892160433,0.41675857843137254,0.17235758016169195,0.80859375,paved
644.854166666668,2208.9999999999905,1672.087500000003,1884.4933333333265,1112.5357142857042,2208.9999999999905,2157.205357142838,1884.4933333333265,16.929166666666685,33.10666666666653,25.470833333333374,30.01333333333321,24.696428571428346,33.10666666666653,30.803571428571168,30.01333333333321,0.09608204370254325,0.039465495052425796,0.07548313761190346,0.050395850838791015,0.03622716181150214,0.039465495052425796,0.04476098437082683,0.050395850838791015,0.04714045207910318,0.0487877742224446,0.04805234414446164,0.04817662975261939,0.048801810511328626,0.0487877742224446,0.049511323689327265,0.04817662975261939,0.7398792357578898,0.11613595292691095,0.32274700631306313,0.23474262264602813,0.5518744137790849,0.11613595292691095,0.15090503661088794,0.23474262264602813,0.6122702205882352,0.12551047871803742,0.5741421568627451,0.14363701826865108,0.4331188725490196,0.15506499594850448,0.703125,paved
915.5166666666682,1856.9599999999925,1303.6750000000002,1922.4444444444373,1960.3392857142699,1856.9599999999925,2631.031249999977,1922.4444444444373,18.383333333333354,28.55999999999988,22.925000000000065,30.239999999999856,29.303571428571153,28.55999999999988,34.9598214285711,30.239999999999856,0.10447649560547602,0.04029291682691779,0.07423910223548005,0.056758617687797844,0.05118845049903667,0.04029291682691779,0.04096383837803231,0.056758617687797844,0.0484122918275927,0.048483164953936356,0.048142583367880645,0.0491909858248413,0.048288633153535127,0.048483164953936356,0.04981230715272586,0.0491909858248413,0.8080472936580005,0.6122465715606603,0.7329778446763925,0.597528738057802,0.5671216799670485,0.6122465715606603,0.4403504403554572,0.597528738057802,0.6557598039215686,0.18429315012137837,0.6309742647058825,0.19561393501837546,0.5044577205882352,0.21448070143421027,0.75390625,paved
256.8875000000002,462.49777777777535,495.47500000000235,716.0844444444429,572.4285714285664,462.49777777777535,873.812499999992,716.0844444444429,11.645833333333355,15.626666666666633,15.600000000000009,19.64888888888885,17.732142857142737,15.626666666666633,22.12499999999982,19.64888888888885,0.12008382413817383,0.08792581384708788,0.07564370571214006,0.0611049532360851,0.054684621475848766,0.08792581384708788,0.040272706288739524,0.0611049532360851,0.05043216015379246,0.053240660225381674,0.04912427551063166,0.05192587309132384,0.04920849929698298,0.053240660225381674,0.049712181810981866,0.05192587309132384,0.7214571236288522,0.5123635087676034,0.49003928250813406,0.24575523246771355,0.3611978252479979,0.5123635087676034,0.12405895768080569,0.24575523246771355,0.6269454656862745,0.08525704417900543,0.5429993872549019,0.0904832397248079,0.39416360294117647,0.11089811872251129,0.61328125,paved
345.81666666666774,699.8977777777757,420.01666666666813,656.9288888888858,811.5178571428507,699.8977777777757,803.6383928571356,656.9288888888858,12.475000000000003,18.09333333333329,14.425000000000024,19.106666666666577,20.34821428571411,18.09333333333329,21.39732142857126,19.106666666666577,0.11808099012628927,0.09955657169432953,0.09429780136454495,0.06460598204013399,0.06424978464171834,0.09955657169432953,0.06192878359582404,0.06460598204013399,0.049651563699220774,0.05106277908033784,0.049564071889042986,0.0483812023490604,0.04981230715272592,0.05106277908033784,0.049107142857142384,0.0483812023490604,0.7983931850697435,0.5882181067305234,0.7490126427581776,0.6120060590568518,0.5341075887861297,0.5882181067305234,0.512067337760586,0.6120060590568518,0.569469975490196,0.10536171003259792,0.5106158088235294,0.11909293986071465,0.3799325980392157,0.13888961839905972,0.64453125,paved
337.86250000000115,661.8844444444431,465.46250000000174,749.3466666666646,810.6741071428511,661.8844444444431,909.6517857142773,749.3466666666646,12.27083333333335,17.519999999999936,15.04583333333336,20.128888888888785,20.37946428571413,17.519999999999936,22.803571428571246,20.128888888888785,0.11814351126655169,0.09494375700710855,0.08101772246075885,0.06593240661242952,0.06332655453445771,0.09494375700710855,0.06067708757873875,0.06593240661242952,0.05086064839889039,0.05211573066470454,0.04921254921257382,0.04898979485566335,0.05001195647858904,0.05211573066470454,0.04920849929698304,0.04898979485566335,0.8330660960473059,0.6786981409695886,0.7696955026741464,0.633978088891242,0.6027566665307735,0.6786981409695886,0.5566429230749482,0.633978088891242,0.5748927696078432,0.1230317840584682,0.5241574754901961,0.126959703983629,0.39338235294117646,0.14571135119202383,0.59765625,paved
337.91250000000156,720.2799999999988,546.3916666666682,840.817777777775,812.0624999999945,720.2799999999988,1158.758928571418,840.817777777775,12.187500000000012,18.413333333333284,16.316666666666688,21.27111111111099,19.794642857142694,18.413333333333284,26.473214285714082,21.27111111111099,0.1154428648402729,0.08645874975941742,0.08769772708479882,0.06281822854629776,0.07172579400632716,0.08645874975941742,0.04702913977658068,0.06281822854629776,0.050086730334047126,0.05125583375409222,0.04921254921257382,0.04878777422244457,0.05001195647858904,0.05125583375409222,0.048903799777246515,0.04878777422244457,0.8195236826880299,0.6194941645608152,0.7054318348096479,0.5523666097947862,0.5707081400366818,0.6194941645608152,0.38857944717767223,0.5523666097947862,0.5741881127450981,0.10976295775629326,0.5328584558823529,0.12398212206039695,0.40804227941176463,0.14577304319816775,0.62109375,paved
1095.6125000000013,2030.9155555555462,967.2750000000009,1729.8755555555463,2260.6160714285525,2030.9155555555462,2220.6026785714066,1729.8755555555463,20.387500000000042,31.991111111110982,20.7333333333334,28.977777777777703,31.187499999999723,31.991111111110982,34.51339285714258,28.977777777777703,0.09578776787862663,0.05408917470974334,0.07875467007312249,0.06445608788262089,0.06843357739211883,0.05408917470974334,0.0559059797699263,0.06445608788262089,0.04894725051862812,0.049090493409721006,0.048591265790377564,0.04888888888888876,0.049410588440130535,0.049090493409721006,0.04849455576428622,0.04888888888888876,0.7978580858236712,0.6234529154249155,0.8188254618724726,0.679033387503023,0.5970957735125335,0.6234529154249155,0.5850114295273828,0.679033387503023,0.5235140931372549,0.18081325997438294,0.5035692401960785,0.20946978580808126,0.40300245098039217,0.23396555290044713,0.76171875,paved
773.4208333333361,1800.1599999999935,963.2541666666675,1480.5199999999938,1523.0669642857024,1800.1599999999935,2207.089285714263,1480.5199999999938,16.11250000000001,30.54222222222211,21.379166666666734,28.12888888888877,24.02232142857126,30.54222222222211,34.812499999999716,28.12888888888877,0.14071444612809722,0.06111436508328205,0.06104407514800912,0.033571236249457966,0.10044137930026716,0.06111436508328205,0.019835469758344843,0.033571236249457966,0.051370116691408084,0.04969039949999514,0.04750730937913076,0.048381202349060334,0.05206207048968961,0.04969039949999514,0.04910714285714236,0.048381202349060334,0.8054671753073861,0.5616762151114337,0.7605780728256715,0.6404970914966135,0.632412637831447,0.5616762151114337,0.4662983962192134,0.6404970914966135,0.5061887254901961,0.17731863861397507,0.4798866421568628,0.17348193415772026,0.34473039215686274,0.17784793207266175,0.69921875,paved
690.100000000001,2171.9511111111033,1482.8666666666718,1991.7333333333254,1863.61160714284,2171.9511111111033,3990.8035714285365,1991.7333333333254,17.700000000000042,33.631111111110975,25.033333333333402,32.079999999999835,29.325892857142613,33.631111111110975,44.16071428571399,32.079999999999835,0.09479987835768833,0.03817200517022411,0.05299026592748818,0.057240568376016286,0.05648902695262796,0.03817200517022411,0.04332181435709419,0.057240568376016286,0.04921254921257377,0.049090493409721006,0.04832255626976333,0.050576918563293334,0.049309647398156915,0.049090493409721006,0.04961185439931393,0.050576918563293334,0.9146225777946166,0.7353109161714483,0.8138301958004974,0.7582866253097719,0.7746662018179631,0.7353109161714483,0.5098350904523589,0.7582866253097719,0.4365655637254902,0.24260646444990278,0.42938112745098034,0.24905578906413053,0.3458639705882353,0.23877156548644893,0.828125,paved
344.9000000000008,1657.4311111111044,1360.816666666669,1494.702222222218,848.718749999992,1657.4311111111044,3550.937499999967,1494.702222222218,13.666666666666694,28.45333333333322,23.716666666666722,27.50222222222218,21.191964285714114,28.45333333333322,40.72321428571395,27.50222222222218,0.09350948268003699,0.03086567240669226,0.049671205311946555,0.04939119920747561,0.059796848447097345,0.03086567240669226,0.05098466414075249,0.04939119920747561,0.049913118961295494,0.04858491357572307,0.047598581911649424,0.04939135726865064,0.04951132368932723,0.04858491357572307,0.049309647398156894,0.04939135726865064,0.9407250394787176,0.7152298696271115,0.7701385201585125,0.7432227153795817,0.8548745455527313,0.7152298696271115,0.4145541639581684,0.7432227153795817,0.44632352941176473,0.20644079841143437,0.42446384803921566,0.21795686317888785,0.3276960784313725,0.2120962081665928,0.76171875,paved
427.0000000000015,1229.2666666666626,755.6500000000013,930.5199999999966,1093.120535714275,1229.2666666666626,1712.8437499999825,930.5199999999966,14.733333333333356,28.06666666666654,20.825000000000056,24.093333333333227,24.227678571428353,28.06666666666654,30.772321428571143,24.093333333333227,0.0998079189171333,0.03476131292106782,0.06408109068355126,0.0348404780250627,0.05438262461355394,0.03476131292106782,0.055808363594222456,0.0348404780250627,0.04832255626976331,0.04878777422244462,0.04805234414446166,0.04878777422244459,0.04951132368932722,0.04878777422244462,0.048801810511328626,0.04878777422244459,0.8914433142606161,0.6958248401146834,0.8038365903070731,0.770003614781141,0.7352011545794815,0.6958248401146834,0.5354456454030527,0.770003614781141,0.6138174019607844,0.1540900514476826,0.5505208333333333,0.17633274920003822,0.4040134803921568,0.1878116177937201,0.796875,paved
374.37500000000125,1237.5733333333283,1024.6166666666675,1258.1955555555503,994.8348214285619,1237.5733333333283,2148.21874999998,1258.1955555555503,14.016666666666692,24.124444444444332,21.06666666666674,25.89333333333324,23.620535714285516,24.124444444444332,33.3705357142854,25.89333333333324,0.09994871274660677,0.05454375412695444,0.08549720244234994,0.052140119138851436,0.07220465077808652,0.05454375412695444,0.04940318339615502,0.052140119138851436,0.05137011669140806,0.049690399499995125,0.05077524002897469,0.048483164953936356,0.05158133932272861,0.049690399499995125,0.050210811960722634,0.048483164953936356,0.8994301142410284,0.6786667976231907,0.7344942196202838,0.6736716202790929,0.730988147688722,0.6786667976231907,0.45467568571466577,0.6736716202790929,0.43371629901960784,0.1845995968608735,0.4082107843137255,0.16700257204195224,0.30975796568627456,0.14874785044836386,0.7109375,paved
446.42083333333505,1744.1777777777706,1256.6666666666695,1132.4355555555514,1112.9107142857038,1744.1777777777706,2514.9642857142603,1132.4355555555514,14.637500000000012,31.022222222222076,25.85000000000005,25.626666666666527,25.205357142856933,31.022222222222076,39.205357142856826,25.626666666666527,0.10888169787446407,0.04503390210428793,0.036871236432257704,0.04333296947678909,0.042309906767057606,0.04503390210428793,0.01831648011709455,0.04333296947678909,0.048591265790377494,0.048279024405334124,0.047232433536477644,0.04817662975261938,0.04839170399258619,0.048279024405334124,0.04776994321212611,0.04817662975261938,0.8447834524488703,0.38487150475049675,0.5561483824213375,0.6035183695053568,0.614304265261797,0.38487150475049675,0.09744386577007019,0.6035183695053568,0.4818474264705882,0.14932179316861202,0.4545649509803922,0.15001043420052065,0.35387561274509804,0.14369528964975264,0.76171875,paved
512.7750000000016,2696.9422222222124,2037.941666666673,1828.1733333333257,1278.6339285714184,2696.9422222222124,3935.4062499999645,1828.1733333333257,16.29166666666667,38.65777777777759,32.3500000000001,32.031111111111024,26.63392857142836,38.65777777777759,48.754464285713816,32.031111111111024,0.09669750415302553,0.021231540926054674,0.045979940290720736,0.03438551668210774,0.057745167474309717,0.021231540926054674,0.02333942697421057,0.03438551668210774,0.048591265790377564,0.047557632353405835,0.04686342449667499,0.04848316495393631,0.04900557678593739,0.047557632353405835,0.0475608833764784,0.04848316495393631,0.8853922710186988,0.39881297301867147,0.5406145503507772,0.5948475243453054,0.7163678614821531,0.39881297301867147,0.024071127419337167,0.5948475243453054,0.5763020833333333,0.17807186892565668,0.5441176470588236,0.1852905513714282,0.43943014705882355,0.19795657407028608,0.828125,paved
670.8458333333347,1486.8844444444353,1315.7291666666695,1841.6311111111038,1241.5178571428478,1486.8844444444353,2589.071428571405,1841.6311111111038,16.204166666666676,28.511111111111003,26.687500000000107,31.986666666666498,23.99107142857124,28.511111111111003,40.87499999999966,31.986666666666498,0.11061925535481394,0.054983189541948814,0.03112209945939596,0.040045604600081046,0.08147911938853937,0.054983189541948814,0.01952519335596036,0.040045604600081046,0.04947642536265799,0.048584913575723004,0.04695594862326941,0.04786813161897324,0.05011148285857916,0.048584913575723004,0.04859718985954694,0.04786813161897324,0.8266042119300299,0.6036921546796327,0.656227845521379,0.5126332717184037,0.6859386774577156,0.6036921546796327,0.33226930989286724,0.5126332717184037,0.6050091911764706,0.14423000417824647,0.5477941176470587,0.18470393742991667,0.47887561274509804,0.20002488594147483,0.79296875,paved
566.262500000001,1155.839999999996,595.8250000000012,871.5422222222198,1517.4241071428435,1155.839999999996,1428.8482142857017,871.5422222222198,17.687500000000025,26.613333333333188,17.79166666666672,23.07999999999989,28.915178571428335,26.613333333333188,29.07142857142831,23.07999999999989,0.07183965936651095,0.04502863917678486,0.07669338919747366,0.05270799103025682,0.04688274083056212,0.04502863917678486,0.042144117812943714,0.05270799103025682,0.04805234414446163,0.04878777422244461,0.04741586115308769,0.048584913575723074,0.049309647398156894,0.04878777422244461,0.04941058844013041,0.048584913575723074,0.870286175940427,0.7441568994725026,0.8678856831163296,0.8064635835577385,0.6600357206798038,0.7441568994725026,0.6844324899843671,0.8064635835577385,0.42287071078431376,0.1921999653638757,0.4156709558823529,0.18137834451752685,0.3290900735294118,0.17457610503567636,0.80078125,paved
271.11250000000064,617.8933333333304,237.67500000000018,124.7244444444437,742.758928571422,617.8933333333304,603.1651785714233,124.7244444444437,12.85416666666669,19.191111111111038,11.791666666666703,8.208888888888861,20.660714285714114,19.191111111111038,18.888392857142705,8.208888888888861,0.06413859362658086,0.05092426460375311,0.09170821798458345,0.13156241775102806,0.06717685998115591,0.05092426460375311,0.07591817132150876,0.13156241775102806,0.050603990839546246,0.050086345198153776,0.05051814855409215,0.0521157306647045,0.05148465444049405,0.050086345198153776,0.050606178789082634,0.0521157306647045,0.8735165111195407,0.7089538961445089,0.8896615472771539,0.940377095167316,0.6446014573022885,0.7089538961445089,0.7182993154383038,0.940377095167316,0.47964154411764703,0.13023879311401368,0.46548713235294115,0.1293690139957486,0.3721507352941176,0.13468206599738514,0.50390625,paved
297.29583333333414,317.3422222222204,209.6000000000002,462.2977777777758,709.9642857142805,317.3422222222204,463.20535714285444,462.2977777777758,12.770833333333352,12.951111111111063,10.666666666666687,16.591111111111065,20.544642857142687,12.951111111111063,16.321428571428488,16.591111111111065,0.09537559985002107,0.09653238855820777,0.11849022339615403,0.07949755441075138,0.06029289322623412,0.09653238855820777,0.09137529903786626,0.07949755441075138,0.05195818297224964,0.05333333333333305,0.05424673569288136,0.05183068350973574,0.0503099449535024,0.05333333333333305,0.0525384031068737,0.05183068350973574,0.8514630057835945,0.8364070899557992,0.891975746081158,0.7616688397677102,0.6459074286328846,0.8364070899557992,0.7539648774044563,0.7616688397677102,0.3825674019607843,0.13420079748279717,0.4154871323529412,0.11868221568584841,0.32676164215686276,0.12999027931906837,0.59765625,paved
274.7750000000005,422.6977777777756,172.01250000000016,235.38666666666606,642.7723214285663,422.6977777777756,415.66964285713993,235.38666666666606,11.741666666666678,14.964444444444394,9.64583333333335,9.91999999999997,17.665178571428424,14.964444444444394,14.794642857142756,9.91999999999997,0.10441840757866805,0.0690467073913194,0.1183823191628702,0.12441473026060165,0.06086267806488669,0.0690467073913194,0.08527721142815738,0.12441473026060165,0.05060399083954627,0.05286834334831228,0.051285556771213166,0.054523751761712154,0.05187031267242022,0.05286834334831228,0.05177416743188879,0.054523751761712154,0.722455325801762,0.5562927381524132,0.8231349478302342,0.7548059188060459,0.3103292349752628,0.5562927381524132,0.5477455538784711,0.7548059188060459,0.4416819852941177,0.08571627066641584,0.43362438725490193,0.08909932006614797,0.358624387254902,0.09310543181946526,0.390625,paved
324.75416666666746,609.164444444442,214.26666666666668,175.24888888888864,753.5535714285642,609.164444444442,528.6919642857093,175.24888888888864,13.837500000000027,18.791111111111054,10.950000000000026,9.026666666666637,21.24107142857126,18.791111111111054,17.51339285714272,9.026666666666637,0.06123715220291047,0.056915189080020724,0.1143831840214887,0.14301595524991742,0.032735808053270456,0.056915189080020724,0.04855743040843267,0.14301595524991742,0.047961935138422236,0.050086345198153776,0.050432160153792434,0.054614247677530876,0.04981230715272582,0.050086345198153776,0.04981230715272581,0.054614247677530876,0.7866940160437542,0.5925142531052546,0.8599565509643822,0.8822301564140455,0.49308069425479656,0.5925142531052546,0.653899643381304,0.8822301564140455,0.48802083333333335,0.10769743788996897,0.48809742647058824,0.10888469939796311,0.39839154411764705,0.11809146394958456,0.578125,paved
229.27083333333348,223.4844444444442,231.89166666666688,464.80888888888626,538.4017857142817,223.4844444444442,591.1428571428517,464.80888888888626,10.079166666666682,8.6133333333333,10.691666666666684,15.244444444444397,15.83928571428559,8.6133333333333,16.98214285714272,15.244444444444397,0.11068856296765907,0.14226903000341445,0.08199388953099306,0.08314745196289076,0.08875405203154384,0.14226903000341445,0.0871493339119956,0.08314745196289076,0.05051814855409222,0.05173531878587897,0.05068968775248512,0.050479185296002246,0.05187031267242022,0.05173531878587897,0.05109608545651547,0.050479185296002246,0.8954564941935395,0.892714027024358,0.8882674984312061,0.7778230506539618,0.7575368847126127,0.892714027024358,0.7059270155851084,0.7778230506539618,0.47162990196078425,0.13509859448699882,0.48671875,0.12442768705469386,0.4049172794117647,0.1431692517482533,0.46875,paved
186.9375000000004,288.3333333333321,119.27083333333361,166.76444444444346,405.7232142857103,288.3333333333321,252.66517857142637,166.76444444444346,10.279166666666699,13.177777777777736,7.6458333333333535,8.32888888888886,15.901785714285587,13.177777777777736,11.30803571428564,8.32888888888886,0.09670741400931386,0.08513431886230596,0.11595120720448118,0.1371269404116214,0.05647537905188626,0.08513431886230596,0.07817201260601866,0.1371269404116214,0.05043216015379245,0.05038126243890926,0.05295110427974509,0.055865800399895436,0.051484654440494076,0.05038126243890926,0.05366435392933569,0.055865800399895436,0.7146105794485831,0.543130406681427,0.8099457597093878,0.7291129180838377,0.3891713792003603,0.543130406681427,0.5753052349744211,0.7291129180838377,0.42041973039215685,0.07728949228722173,0.4345588235294118,0.06814122220076645,0.3520373774509804,0.0807542815302776,0.37109375,paved
536.400000000001,366.4799999999981,155.1833333333335,904.1022222222208,1615.995535714271,366.4799999999981,430.65624999999613,904.1022222222208,17.59166666666671,14.471111111111055,9.00833333333335,22.262222222222153,30.424107142856876,14.471111111111055,14.15624999999989,22.262222222222153,0.09375862123621376,0.09196549279996652,0.10166663621321106,0.07072608506187812,0.0384614335585896,0.09196549279996652,0.09999234982589113,0.07072608506187812,0.04868050602311629,0.05144816401240073,0.051538820320220696,0.05067446333773924,0.05001195647858896,0.05144816401240073,0.05099848061962388,0.05067446333773924,0.8697940793202621,0.9102730394738576,0.961754109374307,0.7783596298151225,0.6087975804503177,0.9102730394738576,0.8934377571847344,0.7783596298151225,0.6046568627450981,0.16997244190545974,0.539185049019608,0.18225144503951207,0.410952818627451,0.1794194702861074,0.6484375,unpaved
816.3833333333341,605.0577777777745,200.11666666666673,1225.4577777777745,2475.633928571404,605.0577777777745,529.2366071428528,1225.4577777777745,21.01666666666675,18.453333333333273,10.02500000000001,25.466666666666523,37.85714285714248,18.453333333333273,16.26339285714273,25.466666666666523,0.0716916627651225,0.05494692627234117,0.1106100784606632,0.05093996901232746,0.028465147598477517,0.05494692627234117,0.08698738075496733,0.05093996901232746,0.047689679759414974,0.04919098582484124,0.05094591358598941,0.04909049340972095,0.04828863315353511,0.04919098582484124,0.050507627227610076,0.04909049340972095,0.8178474389870581,0.8625043298653942,0.9559249663573157,0.7226715709151618,0.43789548093199054,0.8625043298653942,0.8821291925805776,0.7226715709151618,0.5125,0.1938418706051209,0.4760416666666667,0.18832956583831578,0.36631433823529413,0.1800755049294471,0.67578125,unpaved
876.5250000000007,626.8266666666647,345.7375000000008,1550.5866666666618,2691.285714285685,626.8266666666647,982.7991071428487,1550.5866666666618,21.783333333333374,18.23999999999992,11.97083333333335,28.391111111111005,39.11607142857103,18.23999999999992,20.40624999999986,28.391111111111005,0.05964382472117742,0.08272837127511268,0.11441499681954102,0.05211041345235066,0.0359650289582237,0.08272837127511268,0.05681789244774584,0.05211041345235066,0.047780603921582135,0.049987652796453126,0.049035842899749243,0.04909049340972098,0.048597189859546946,0.049987652796453126,0.04961185439931393,0.04909049340972098,0.8661222095011509,0.9050375225542274,0.9483682338120638,0.7643661783709161,0.5813196453041514,0.9050375225542274,0.852929094721962,0.7643661783709161,0.5947763480392158,0.23147674121258802,0.5601409313725491,0.22646887856059847,0.443765318627451,0.22133458074944776,0.73828125,unpaved
795.9125000000003,477.8933333333311,236.4583333333338,1373.9599999999948,2445.8035714285497,477.8933333333311,677.370535714279,1373.9599999999948,19.612500000000065,16.06222222222216,10.883333333333335,25.693333333333218,36.124999999999744,16.06222222222216,18.549107142856982,25.693333333333218,0.06817484585880622,0.07498918082734093,0.10110751637600136,0.07252129884426019,0.048176628726800313,0.07498918082734093,0.08523591871246716,0.07252129884426019,0.0488584974981607,0.04959091912093625,0.05025974200756172,0.04959091912093621,0.04981230715272586,0.04959091912093625,0.04920849929698302,0.04959091912093621,0.8605149914743021,0.9161512478876096,0.9592701751270022,0.7603736635355983,0.5568311535789582,0.9161512478876096,0.8832349409613889,0.7603736635355983,0.549142156862745,0.21707326850061343,0.506265318627451,0.2117520192099112,0.38848039215686275,0.19848144542793378,0.609375,unpaved
392.4583333333341,604.9155555555524,564.9125000000014,715.7377777777735,653.2499999999943,604.9155555555524,1123.4866071428476,715.7377777777735,14.4916666666667,16.648888888888834,14.870833333333376,19.106666666666605,18.419642857142705,16.648888888888834,22.254464285714086,19.106666666666605,0.07645395400926226,0.05250520596785322,0.09388173286231725,0.053092812369945674,0.09144087223097415,0.05250520596785322,0.05370177015402623,0.053092812369945674,0.0512008571976854,0.04969039949999512,0.05103103630798282,0.04959091912093625,0.05011148285857904,0.04969039949999512,0.04971218181098183,0.04959091912093625,0.6789594181390826,0.4705326570604337,0.5683338910083191,0.38575715576645986,0.4348992131045636,0.4705326570604337,0.12347543740251184,0.38575715576645986,0.43909313725490196,0.10663701367942907,0.41541053921568627,0.10467630070872277,0.2986519607843137,0.10636400695348894,0.609375,damaged
183.8458333333336,356.7599999999983,326.7291666666673,434.9911111111091,388.68749999999727,356.7599999999983,641.2142857142807,434.9911111111091,10.062500000000021,14.59111111111107,13.620833333333374,15.755555555555496,14.678571428571331,14.59111111111107,18.866071428571292,15.755555555555496,0.09340584663504338,0.07951316329886177,0.07633071964989618,0.06657054611893387,0.07139068446299865,0.07951316329886177,0.06530857102291855,0.06657054611893387,0.05303300858899098,0.05018484351393853,0.05229125165837965,0.05314782552489485,0.05225312460142639,0.05018484351393853,0.05177416743188872,0.05314782552489485,0.7687719580383962,0.5347315304346242,0.6013743810514686,0.44037270494118097,0.471125284738041,0.5347315304346242,0.21903868181940664,0.44037270494118097,0.3708333333333333,0.08920592221941188,0.4030024509803921,0.07895959438177631,0.3432291666666667,0.08527152738337028,0.53515625,damaged
114.10416666666711,184.09777777777725,83.8833333333337,131.17333333333295,277.73660714285603,184.09777777777725,168.18749999999926,131.17333333333295,7.654166666666691,9.60888888888887,6.458333333333355,7.8044444444444245,12.013392857142817,9.60888888888887,9.232142857142824,7.8044444444444245,0.13303946167023462,0.135105832362581,0.18097042460605428,0.14178750318047384,0.12711499104027538,0.135105832362581,0.1268696364313006,0.14178750318047384,0.0624305169323821,0.06230153675056054,0.06441510347391798,0.06340152274527582,0.06185895741317409,0.06230153675056054,0.06614076959834368,0.06340152274527582,0.6370475170704163,0.42361995819366977,0.733767092491205,0.5890243861683617,0.1429950806987106,0.42361995819366977,0.464480874316941,0.5890243861683617,0.20505514705882355,0.04073541900758916,0.2582261029411765,0.054834659047556404,0.19404105392156865,0.042669521878635805,0.33203125,damaged
58.53750000000012,89.59111111111096,49.6750000000001,59.20444444444442,109.19642857142794,89.59111111111096,91.1249999999994,59.20444444444442,6.037500000000021,7.3599999999999755,5.525000000000016,5.888888888888875,8.32142857142852,7.3599999999999755,7.428571428571381,5.888888888888875,0.1464594128596288,0.14308631114942877,0.17249353598863568,0.14985200650784264,0.09009831763765258,0.14308631114942877,0.14423903900804738,0.14985200650784264,0.06002025121203302,0.06061414087549241,0.06325927687787071,0.06182412330330442,0.05997780733278696,0.06061414087549241,0.062340357338253626,0.06182412330330442,0.8052432739237787,0.685702667676176,0.8380748078904003,0.7855964461898746,0.6072933528058214,0.685702667676176,0.6792475278641416,0.7855964461898746,0.2653033088235294,0.06750484954249208,0.2793045343137255,0.045488181234002806,0.20833333333333337,0.03314175047820661,0.109375,damaged
165.78333333333376,279.9288888888883,120.37916666666692,204.34666666666624,375.63392857142554,279.9288888888883,279.3348214285691,204.34666666666624,9.791666666666691,12.38222222222219,7.462500000000021,10.719999999999965,14.044642857142762,12.38222222222219,12.013392857142776,10.719999999999965,0.11945801227592522,0.09036980320827212,0.16786194353893955,0.09877438951741022,0.09197332758124395,0.09036980320827212,0.09090601369161588,0.09877438951741022,0.054962108159470384,0.05239922721134015,0.05368374469468797,0.05202088849208692,0.05347834174424464,0.05239922721134015,0.051193504201694655,0.05202088849208692,0.7807986331225378,0.6347764826094497,0.8425028854221217,0.7337008184213382,0.4888395960251234,0.6347764826094497,0.6412811954058442,0.7337008184213382,0.34090073529411763,0.0941274550569563,0.3408854166666666,0.07187166815395209,0.24073223039215688,0.06698969947944233,0.40625,damaged
87.17083333333349,154.42222222222182,84.85000000000012,128.28444444444412,208.58035714285654,154.42222222222182,196.98660714285631,128.28444444444412,6.745833333333352,9.106666666666642,6.425000000000021,8.071111111111087,10.892857142857087,9.106666666666642,10.245535714285674,8.071111111111087,0.14480636134830804,0.13453732080224598,0.20131423560615147,0.15407296859559055,0.09896554085598246,0.13453732080224598,0.13205998955781487,0.15407296859559055,0.06109532624422989,0.06045098003882388,0.06666666666666665,0.061503788902657695,0.05939345846272346,0.06045098003882388,0.061616847061795724,0.061503788902657695,0.7524168320597987,0.5560527218643936,0.7491417708085353,0.6340884184905251,0.42039391421053107,0.5560527218643936,0.3928742267154693,0.6340884184905251,0.2887867647058823,0.0575312177576338,0.26562499999999994,0.05317324855172605,0.2022977941176471,0.04223524218433892,0.30859375,damaged
106.16666666666683,121.47555555555515,62.05000000000018,113.00888888888842,173.44196428571342,121.47555555555515,109.49107142857088,113.00888888888842,7.958333333333357,8.426666666666636,6.016666666666681,7.853333333333311,9.379464285714251,8.426666666666636,7.687499999999966,7.853333333333311,0.12230819825511376,0.1425065019814336,0.15552159836997875,0.13087520528769425,0.12191048859665714,0.1425065019814336,0.12996850742604993,0.13087520528769425,0.060953078493032414,0.06293245448224993,0.05994789404140896,0.0626966043540703,0.06234035733825411,0.06293245448224993,0.06249999999999991,0.0626966043540703,0.6778788210803126,0.6468054840517146,0.8433514706706092,0.6686337454949991,0.40038488506380865,0.6468054840517146,0.731728850532145,0.6686337454949991,0.3365962009803921,0.054452476237373745,0.3221354166666666,0.05665935796109933,0.25375306372549017,0.04442365776982457,0.1171875,damaged
200.3583333333334,420.586666666665,323.3625000000008,439.3599999999986,473.56696428571,420.586666666665,649.4062499999945,439.3599999999986,10.808333333333358,15.511111111111063,13.079166666666683,15.306666666666628,17.058035714285605,15.511111111111063,18.656249999999858,15.306666666666628,0.10974694402613577,0.062324416607479366,0.08390097577245532,0.07308453834377286,0.046928095278400854,0.062324416607479366,0.06277364749811645,0.07308453834377286,0.05051814855409215,0.05144816401240073,0.05025974200756165,0.0515440600210806,0.05070453880178755,0.05144816401240073,0.050802708378307644,0.0515440600210806,0.8719109839141548,0.6972968601938334,0.7748240595353367,0.6893547241235151,0.687191312295638,0.6972968601938334,0.5302588683914612,0.6893547241235151,0.3528492647058823,0.13055695472285891,0.3103094362745098,0.10583943679491296,0.26528799019607846,0.0956367270713241,0.5625,damaged
169.779166666667,312.0799999999985,197.8083333333334,271.0933333333324,397.6383928571401,312.0799999999985,438.73660714285296,271.0933333333324,9.454166666666698,13.306666666666626,10.741666666666687,12.10666666666662,14.415178571428463,13.306666666666626,16.700892857142726,12.10666666666662,0.11159837286611109,0.08364122938302126,0.08492514978317446,0.0743528116467159,0.08587953952168179,0.08364122938302126,0.04833337001503398,0.0743528116467159,0.052951104279745025,0.050965977516354045,0.04885849749816068,0.05057691856329328,0.05272773129918566,0.050965977516354045,0.05119350420169461,0.05057691856329328,0.7727040486097733,0.5656218510845672,0.7233691559289275,0.6193115803275279,0.4636332262695976,0.5656218510845672,0.36203782999614575,0.6193115803275279,0.29871323529411764,0.06451175829739633,0.2579656862745098,0.08825767349634864,0.23284313725490197,0.059161610161304126,0.4921875,damaged
187.34166666666698,369.5199999999993,240.36666666666696,262.44888888888806,387.98214285713976,369.5199999999993,476.43303571428214,262.44888888888806,10.791666666666694,15.537777777777736,12.866666666666692,13.124444444444414,15.303571428571326,15.537777777777736,17.147321428571285,13.124444444444414,0.08167657672510276,0.05618824179529501,0.049669488216437595,0.06903858118686863,0.07645940287811628,0.05618824179529501,0.07060282104958118,0.06903858118686863,0.05077524002897464,0.05192587309132385,0.051622965389016055,0.05077182070575916,0.05167784331602724,0.05192587309132385,0.050998480619623816,0.05077182070575916,0.6949649749976475,0.34688366279597477,0.5760283451303306,0.5403138330575787,0.37113010686858033,0.34688366279597477,0.16451537260177432,0.5403138330575787,0.30652573529411764,0.07028081433949734,0.26314338235294116,0.07163380030779735,0.23120404411764706,0.059932623959185985,0.54296875,damaged
213.49166666666702,313.14666666666545,247.9125000000003,370.9955555555544,506.2723214285671,313.14666666666545,437.2499999999964,370.9955555555544,10.750000000000023,13.866666666666617,11.720833333333365,13.573333333333293,16.674107142857025,13.866666666666617,16.15178571428559,13.573333333333293,0.11168774541709024,0.0814473168945068,0.10669927535793038,0.08623886397126888,0.07115413813712801,0.0814473168945068,0.06508053611034756,0.08623886397126888,0.052622212251312826,0.05135208892573903,0.04982608642958913,0.05135208892573906,0.0511935042016946,0.05135208892573903,0.05253840310687363,0.05135208892573906,0.7115419260113316,0.5850037101645523,0.6871810111388755,0.5075395417824639,0.2877619211647246,0.5850037101645523,0.45912607595655686,0.5075395417824639,0.31147365196078425,0.08638466043834868,0.2853707107843137,0.07803415126982874,0.23307291666666669,0.06620772278286884,0.46484375,damaged
364.89166666666694,830.768888888886,470.40833333333467,488.07555555555246,850.5669642857066,830.768888888886,893.3660714285625,488.07555555555246,14.483333333333364,22.413333333333235,16.36666666666669,16.635555555555488,22.33482142857125,22.413333333333235,22.848214285714057,16.635555555555488,0.06405195939338805,0.041103468150851204,0.0694742649101018,0.06489951444867269,0.05546328124246216,0.041103468150851204,0.03860319378511064,0.06489951444867269,0.049212549212573745,0.04969039949999513,0.04930066485916341,0.049090493409720944,0.04971218181098181,0.04969039949999513,0.049208499296982955,0.049090493409720944,0.6738252733827946,0.19743253903036334,0.5285186372944961,0.519543609669401,0.2467260139457901,0.19743253903036334,0.09149704094041343,0.519543609669401,0.33451286764705884,0.09503290163693592,0.2873008578431373,0.09554154995052996,0.24091605392156862,0.09147933276487043,0.703125,damaged
143.85833333333366,1051.3333333333314,789.6125000000023,561.1822222222199,318.56696428571166,1051.3333333333314,1689.4374999999843,561.1822222222199,9.008333333333356,22.408888888888853,19.695833333333372,16.6755555555555,12.897321428571331,22.408888888888853,30.43749999999976,16.6755555555555,0.11391626749557311,0.07048691901774394,0.08461251643235149,0.08318684337349827,0.07466245532795035,0.07048691901774394,0.03844202050370741,0.08318684337349827,0.05008673033404707,0.05144816401240076,0.048232653761625915,0.05077182070575918,0.05060617878908267,0.05144816401240076,0.05001195647858894,0.05077182070575918,0.8960698613058231,0.21667306785022977,0.4091080332582725,0.5796967764747316,0.7698884121007021,0.21667306785022977,-0.2849354394686586,0.5796967764747316,0.46305147058823526,0.09280268775227644,0.5127144607843137,0.10612857864472444,0.40199142156862744,0.12321144115107296,0.54296875,damaged
325.9416666666675,525.7599999999985,509.3791666666679,727.5599999999973,761.7633928571372,525.7599999999985,893.1964285714212,727.5599999999973,10.291666666666694,13.342222222222178,11.762500000000026,14.039999999999942,16.27232142857131,13.342222222222178,16.526785714285584,14.039999999999942,0.16548728545999242,0.0913090995620929,0.13560240007339172,0.12136806051153419,0.09149784104620573,0.0913090995620929,0.09018057469125362,0.12136806051153419,0.05921946001479943,0.05577733510227137,0.055198505414548835,0.054433105395181404,0.05503941074079381,0.05577733510227137,0.054767161367790806,0.054433105395181404,0.8455545323489032,0.7137756186069957,0.746018732281051,0.6171464219125433,0.6061559046822698,0.7137756186069957,0.43703588176134406,0.6171464219125433,0.3501378676470588,0.13604910288360542,0.3238970588235294,0.13095387769894642,0.24891237745098038,0.13319084094847466,0.40234375,damaged
70.82083333333338,159.4444444444438,148.44166666666706,173.32888888888834,153.12053571428473,159.4444444444438,252.47321428571252,173.32888888888834,6.029166666666691,9.293333333333296,8.858333333333361,9.373333333333301,8.629464285714237,9.293333333333296,12.267857142857062,9.373333333333301,0.17569632465853652,0.11255142724210833,0.13099323723880998,0.1214310208101632,0.1188513798272416,0.11255142724210833,0.09131783877969009,0.1214310208101632,0.05855612217731324,0.05648117789839454,0.05690208451561519,0.05621826951410422,0.05611520129453758,0.05648117789839454,0.055039410740793875,0.05621826951410422,0.7112692702058431,0.3713411960255411,0.45786389151495205,0.3133071073832493,0.38029578849460605,0.3713411960255411,0.09470029218348099,0.3133071073832493,0.2992647058823529,0.04422848277937852,0.28549325980392154,0.04806349416742862,0.20894607843137258,0.045257437560647866,0.25390625,damaged
82.80000000000008,177.02222222222142,160.2458333333338,210.56888888888813,183.5267857142844,177.02222222222142,283.64285714285523,210.56888888888813,6.45833333333336,9.848888888888851,9.37083333333336,10.604444444444404,9.54464285714279,9.848888888888851,13.098214285714196,10.604444444444404,0.16569178788821717,0.10551850619022339,0.11461950971588614,0.1019731936453961,0.11675713049441978,0.10551850619022339,0.0801186227707733,0.1019731936453961,0.055979286843934925,0.05370242654930893,0.05504102005676204,0.05388602512436478,0.05431037973480497,0.05370242654930893,0.05357142857142805,0.05388602512436478,0.7211886196449168,0.42335192574429104,0.4647304510756604,0.31842690086073433,0.39206424341091095,0.42335192574429104,0.08958921288330386,0.31842690086073433,0.30624999999999997,0.04979156260696707,0.2857383578431372,0.04984007900606702,0.2069546568627451,0.046250759430753914,0.31640625,damaged
477.47083333333467,1721.9022222222154,1152.0750000000023,1140.7911111111077,1109.8124999999916,1721.9022222222154,2370.598214285694,1140.7911111111077,14.629166666666682,30.799999999999873,24.166666666666735,25.528888888888808,24.187499999999837,30.799999999999873,36.33035714285686,25.528888888888808,0.10451125821455738,0.03270062453298151,0.0428310843594533,0.03748444546569524,0.036443795772054574,0.03270062453298151,0.02995368602602907,0.03748444546569524,0.048322556269763305,0.047868131618973235,0.04714045207910318,0.04888888888888868,0.049208499296983,0.047868131618973235,0.04900557678593734,0.04888888888888868,0.8265985209263002,0.3912313395494459,0.5950949263977813,0.5934466436324294,0.5915358371388038,0.3912313395494459,0.17714088124515665,0.5934466436324294,0.3527573529411765,0.13270863549005127,0.3916360294117647,0.1492366285239402,0.32610294117647065,0.17691966111444607,0.8046875,damaged
883.604166666668,2113.4933333333256,1483.0000000000018,1642.799999999994,1812.0714285714114,2113.4933333333256,2698.6071428571186,1642.799999999994,19.48750000000002,29.466666666666548,23.133333333333386,28.142222222222127,30.285714285714008,29.466666666666548,35.19642857142828,28.142222222222127,0.09098309232221052,0.048748010925567034,0.09125002899556717,0.05280408685264413,0.05061122984059829,0.048748010925567034,0.03816448582233114,0.05280408685264413,0.04930066485916339,0.04909049340972098,0.04912427551063158,0.04978968111646218,0.04880181051132861,0.04909049340972098,0.04961185439931392,0.04978968111646218,0.7513122898353733,0.3711970549655146,0.5730882426334587,0.5043435020767669,0.46916761180884414,0.3711970549655146,0.1804573299635513,0.5043435020767669,0.3770833333333333,0.17660869969935328,0.4233762254901961,0.16467845414109916,0.3583486519607843,0.1811372755457502,0.70703125,damaged
509.6250000000017,985.4044444444414,448.98750000000103,222.35555555555496,1026.8839285714193,985.4044444444414,946.4107142857059,222.35555555555496,16.58333333333338,23.34222222222214,16.004166666666695,11.564444444444412,24.241071428571228,23.34222222222214,22.97321428571411,11.564444444444412,0.06959886781021501,0.02926291099552407,0.08042732594532419,0.0814406227670433,0.03597609920761654,0.02926291099552407,0.04686422096457577,0.0814406227670433,0.047689679759415,0.049391357268650626,0.04850186136176171,0.04988876515698566,0.04961185439931392,0.049391357268650626,0.04941058844013044,0.04988876515698566,0.5491239047273117,0.1331516139914463,0.603658363473302,0.8048980160892254,0.09790161379980464,0.1331516139914463,0.16437157209118752,0.8048980160892254,0.41479779411764706,0.0961499519262417,0.4197457107843137,0.091586248276294,0.3247395833333333,0.10048828940495982,0.640625,damaged
1033.7875000000013,1841.5599999999927,778.475000000002,1266.8266666666636,2542.80803571426,1841.5599999999927,1644.9821428571292,1266.8266666666636,23.170833333333405,32.83111111111096,18.93333333333336,25.804444444444346,39.05803571428537,32.83111111111096,29.30357142857118,25.804444444444346,0.052238876616783766,0.042472708705752954,0.07182792186032559,0.051127385006768604,0.03726405950152209,0.042472708705752954,0.059241643715107754,0.051127385006768604,0.04714045207910319,0.04929127336181945,0.04859126579037747,0.04949123878071111,0.04880181051132864,0.04929127336181945,0.049107142857142363,0.04949123878071111,0.798513495740158,0.6452358955987288,0.8458026322964866,0.7556254936598921,0.5169036030178333,0.6452358955987288,0.6708052961777923,0.7556254936598921,0.4510876225490196,0.18227234550659557,0.5329656862745098,0.19981665561751452,0.4958946078431373,0.22271138338241792,0.76953125,damaged
1071.7750000000026,1817.9422222222183,1127.0000000000025,1677.3377777777716,2023.5446428571254,1817.9422222222183,2569.325892857122,1677.3377777777716,21.333333333333382,29.195555555555455,21.78333333333339,28.182222222222148,30.374999999999737,29.195555555555455,34.27232142857112,28.182222222222148,0.07605008979112739,0.06969649391588183,0.09662998001741469,0.0628432431255373,0.04744375264523886,0.06969649391588183,0.07625811265574609,0.0628432431255373,0.05034602488997726,0.05135208892573903,0.05170697352496176,0.04998765279645308,0.0500119564785889,0.05135208892573903,0.04971218181098179,0.04998765279645308,0.7652358503868733,0.5805928554457364,0.7501873944735972,0.6115760185469074,0.5465150647215338,0.5805928554457364,0.4188741758908487,0.6115760185469074,0.49545036764705885,0.19107171488816718,0.5559589460784313,0.18821030432180627,0.49437806372549015,0.20929332899512165,0.65234375,damaged
782.8875000000013,1167.7466666666635,709.3875000000019,1152.466666666664,1620.2187499999864,1167.7466666666635,1380.2410714285588,1152.466666666664,19.29583333333336,22.58222222222215,16.812500000000018,24.155555555555452,29.19196428571401,22.58222222222215,25.33928571428549,24.155555555555452,0.0722217106821607,0.053826419998410716,0.08308959959053294,0.04801996441868673,0.04111566383555189,0.053826419998410716,0.045600235610396174,0.04801996441868673,0.049388623296373675,0.04978968111646218,0.04832255626976331,0.050283148884376475,0.04869960765462324,0.04978968111646218,0.049712181810981804,0.050283148884376475,0.5874926639799357,0.3536401771099607,0.6320520609604426,0.36855984110125767,0.12584237210117016,0.3536401771099607,0.25925942088538106,0.36855984110125767,0.48066789215686284,0.12642230381845507,0.5181372549019607,0.12301870776671359,0.42037377450980395,0.1394429574340978,0.67578125,damaged
548.9791666666674,1118.3999999999953,690.404166666667,834.1244444444409,1391.8883928571322,1118.3999999999953,1696.4687499999875,834.1244444444409,15.93750000000004,21.679999999999968,16.845833333333385,20.382222222222186,25.76339285714266,21.679999999999968,28.7098214285712,20.382222222222186,0.12021526020623642,0.08516054614006568,0.10966364168587033,0.0764876214197113,0.1047409436312614,0.08516054614006568,0.07745740181584639,0.0764876214197113,0.057282196186948055,0.05388602512436494,0.05605676686280715,0.055243568420693424,0.054676110329981174,0.05388602512436494,0.052633152332819205,0.055243568420693424,0.9196014374976789,0.8329325344932101,0.8967146464710049,0.8764972368989332,0.7946770149528835,0.8329325344932101,0.740991027713569,0.8764972368989332,0.5387867647058824,0.23366970645028523,0.5332720588235295,0.22513798386305664,0.42199754901960784,0.24328828641225492,0.68359375,damaged
559.1208333333348,1915.124444444437,1250.275000000002,1217.61333333333,1284.2455357142746,1915.124444444437,2628.2589285714057,1217.61333333333,16.304166666666685,32.29777777777765,24.650000000000073,25.87999999999992,26.629464285714096,32.29777777777765,38.41071428571394,25.87999999999992,0.09384675086787905,0.033815860694596855,0.06262122636229824,0.0573572522022891,0.027048652568029893,0.033815860694596855,0.0403344883934608,0.0573572522022891,0.04704829079431759,0.04848316495393635,0.04787135538781691,0.0481766297526194,0.04869960765462326,0.04848316495393635,0.048801810511328675,0.0481766297526194,0.8360678764657674,0.45224784290386016,0.6463048558734268,0.651519990027546,0.6168816780127586,0.45224784290386016,0.27691499569577643,0.651519990027546,0.37028186274509806,0.14560771753105672,0.4261029411764706,0.1656383628806608,0.37087928921568625,0.1967217678006167,0.78125,damaged
181.87083333333356,536.3066666666651,474.91250000000093,590.5822222222204,458.3794642857104,536.3066666666651,1203.5580357142742,590.5822222222204,8.195833333333344,15.088888888888828,12.962500000000036,14.804444444444405,12.915178571428468,15.088888888888828,22.19196428571409,14.804444444444405,0.19397753747312416,0.10788099793511909,0.12824779972370753,0.12661504150763694,0.15423576232236633,0.10788099793511909,0.10026008529771684,0.12661504150763694,0.06852868418082697,0.061020134301092786,0.06277716322216376,0.06324555320336715,0.06169765607627261,0.061020134301092786,0.05837811085099033,0.06324555320336715,0.9225264857459173,0.7478057914197953,0.7736090020806365,0.7165482163683298,0.8065047820235655,0.7478057914197953,0.3443527408130408,0.7165482163683298,0.5353553921568628,0.1360962866660257,0.45062806372549014,0.13758253385961042,0.38075980392156855,0.11938507612102492,0.44140625,damaged
238.7708333333335,618.5288888888864,456.34166666666755,566.8133333333312,603.8437499999955,618.5288888888864,1190.3392857142742,566.8133333333312,9.137500000000012,16.61777777777771,13.30833333333337,15.115555555555515,14.522321428571317,16.61777777777771,23.267857142856922,15.115555555555515,0.18421542199974134,0.10413927321717141,0.10735313759134828,0.11502224170274535,0.14823780455694135,0.10413927321717141,0.0767281432360389,0.11502224170274535,0.06291528696058932,0.057262661007666776,0.05885186204927274,0.058203559349816435,0.058887973028003325,0.057262661007666776,0.0557589106999849,0.058203559349816435,0.9018581357182475,0.7246541418328839,0.8017066070896104,0.7439460882455995,0.7517035220899496,0.7246541418328839,0.41654630410461346,0.7439460882455995,0.5474724264705884,0.13961838340596353,0.46269914215686275,0.14236946678889645,0.3909160539215686,0.12548382219321252,0.4765625,damaged
157.929166666667,418.2488888888876,299.96666666666727,376.11999999999847,343.1741071428547,418.2488888888876,788.2544642857084,376.11999999999847,7.4708333333333545,13.262222222222176,11.341666666666692,13.328888888888855,10.879464285714219,13.262222222222176,18.513392857142716,13.328888888888855,0.18734905540135371,0.10486405822741807,0.11965945669771927,0.12319700085133918,0.1326990672970619,0.10486405822741807,0.08889511139065558,0.12319700085133918,0.05605676686280699,0.05379430416404507,0.054006172486732035,0.054433105395181425,0.05549019149399964,0.05379430416404507,0.05196628003045847,0.054433105395181425,0.9026371674568823,0.7190174240156627,0.7948111083369531,0.748249781957154,0.7889082543429191,0.7190174240156627,0.4124124423703494,0.748249781957154,0.5607383578431373,0.1166025334630855,0.4743106617647058,0.1114019363682685,0.3801011029411765,0.09702403003436003,0.43359375,damaged
612.1791666666677,1062.3377777777737,586.5750000000016,1019.3999999999965,1451.696428571417,1062.3377777777737,1436.5535714285584,1019.3999999999965,17.079166666666705,22.78222222222215,14.241666666666694,21.33777777777768,26.214285714285502,22.78222222222215,23.74107142857124,21.33777777777768,0.06585965400113679,0.052230008662504664,0.11181957329985724,0.06501294743829775,0.07036730661646348,0.052230008662504664,0.08185225079774722,0.06501294743829775,0.0495640718890429,0.049888765156985676,0.05034602488997729,0.04898979485566335,0.050210811960722614,0.049888765156985676,0.05090068862049666,0.04898979485566335,0.7676138895514131,0.5536169083325063,0.7546275391361682,0.5711622426117039,0.4538158816326736,0.5536169083325063,0.3546080052249873,0.5711622426117039,0.5588082107843138,0.1348983617703459,0.47034313725490196,0.14690289936416975,0.3921875,0.1446439769525973,0.65234375,damaged
333.4791666666675,711.1822222222196,503.3208333333343,743.0177777777753,929.8794642857061,711.1822222222196,1392.8258928571295,743.0177777777753,10.854166666666694,15.591111111111045,12.579166666666687,16.16444444444439,18.29910714285701,15.591111111111045,21.48660714285694,16.16444444444439,0.1477085983260967,0.12088976031677903,0.12417275859240126,0.0884210800804697,0.08580709405827594,0.12088976031677903,0.09672673148984513,0.0884210800804697,0.05440652023833567,0.05443310539518143,0.05295110427974498,0.05342584568964995,0.05301045574570435,0.05443310539518143,0.052062070489689555,0.05342584568964995,0.9077197843060211,0.7869953652696158,0.8476466622472139,0.7733490423422321,0.7430345210575625,0.7869953652696158,0.5339802474288461,0.7733490423422321,0.5448529411764707,0.15930863491112845,0.46672794117647054,0.17066356825958437,0.3897518382352941,0.17561145629217806,0.484375,damaged
441.8458333333341,614.7466666666635,216.18750000000034,532.2711111111087,1223.4330357142746,614.7466666666635,472.16964285713874,532.2711111111087,12.337500000000023,15.01333333333327,9.14583333333335,14.582222222222182,21.700892857142673,15.01333333333327,13.660714285714166,14.582222222222182,0.14222069726906944,0.10788831692708127,0.15971230480841678,0.09447635444405654,0.09810277655275078,0.10788831692708127,0.11919860130389116,0.09447635444405654,0.05566828839953056,0.056568542494923414,0.057130455003341775,0.05434230782505513,0.05467611032998089,0.056568542494923414,0.05485806128323367,0.05434230782505513,0.7848025597400982,0.7114542631705347,0.9105061483380711,0.7463056659514579,0.3181758206627212,0.7114542631705347,0.8027963357963581,0.7463056659514579,0.540594362745098,0.13494741902858837,0.45310968137254903,0.13765905294855538,0.376547181372549,0.12185807728698618,0.484375,damaged
477.7166666666682,897.0799999999971,615.3083333333352,912.1866666666639,1278.026785714275,897.0799999999971,1432.227678571415,912.1866666666639,14.18333333333336,20.039999999999928,16.308333333333376,20.879999999999917,23.848214285714104,20.039999999999928,26.977678571428342,20.879999999999917,0.12112619947661568,0.06908343152562052,0.06592016619187804,0.05669867899252535,0.06874731790303891,0.06908343152562052,0.033638159424243176,0.05669867899252535,0.04982608642958908,0.050771820705759134,0.048232653761625936,0.04909049340972097,0.04991223164061978,0.050771820705759134,0.05050762722760997,0.04909049340972097,0.7875203871774943,0.5755441271861897,0.7146658541595331,0.5651702822118027,0.43596178284787906,0.5755441271861897,0.3234519738560944,0.5651702822118027,0.6186121323529411,0.1186230189005933,0.5436427696078431,0.13908136688855757,0.43952205882352946,0.15678238549385512,0.6953125,damaged
448.5875000000009,832.0977777777748,632.7625000000011,943.3155555555529,1047.7455357142762,832.0977777777748,1487.6294642857001,943.3155555555529,15.854166666666691,22.453333333333234,19.52083333333336,23.777777777777693,25.06696428571406,22.453333333333234,30.834821428571168,23.777777777777693,0.07755991480183771,0.043788841070337425,0.07235399703888588,0.04668752498651569,0.04188268002095354,0.043788841070337425,0.032416137582026106,0.04668752498651569,0.04876958296133178,0.04988876515698568,0.047780603921582156,0.04919098582484124,0.049005576785937345,0.04988876515698568,0.048081828635129054,0.04919098582484124,0.8120487671395915,0.654247892858988,0.745129382915178,0.6088675253559355,0.5486825073071382,0.654247892858988,0.3854880730901673,0.6088675253559355,0.4917126225490196,0.1381676398126629,0.4381280637254902,0.13881754649200978,0.3503676470588235,0.13903125512963607,0.78515625,damaged
940.4708333333356,1520.9199999999948,527.4041666666681,1045.2399999999968,2249.3080357142658,1520.9199999999948,1325.4821428571308,1045.2399999999968,20.729166666666703,27.7199999999999,15.254166666666707,24.297777777777707,34.17410714285687,27.7199999999999,24.72321428571411,24.297777777777707,0.08193263388460308,0.056966596945657734,0.10287858399486591,0.05363520908666627,0.03600304754937138,0.056966596945657734,0.07459211124554059,0.05363520908666627,0.047689679759415,0.048888888888888725,0.049913118961295584,0.04848316495393634,0.04971218181098188,0.048888888888888725,0.050011956478588956,0.04848316495393634,0.689682139600904,0.4764415216674674,0.8201791526119966,0.6424304385279838,0.24155317570418652,0.4764415216674674,0.5376190215378985,0.6424304385279838,0.5974877450980393,0.1254324836414802,0.553921568627451,0.1632570055631193,0.4988664215686275,0.18778998615059458,0.80078125,damaged
92.8625000000002,157.2088888888885,82.46250000000019,127.90222222222187,214.4732142857135,157.2088888888885,192.65624999999918,127.90222222222187,6.929166666666693,9.048888888888861,6.287500000000022,8.071111111111092,11.044642857142811,9.048888888888861,10.040178571428529,8.071111111111092,0.1486962660078936,0.15597446655728286,0.20938701237863885,0.1489379307183527,0.10045382207058387,0.15597446655728286,0.13717916941206465,0.1489379307183527,0.06488504792665599,0.06478835438716986,0.07015607600201142,0.06340152274527579,0.06169765607627335,0.06478835438716986,0.06606539547744945,0.06340152274527579,0.7280888740789149,0.5325368715969776,0.745670898461737,0.6195740813680986,0.39265696437067227,0.5325368715969776,0.3815088173376024,0.6195740813680986,0.2865655637254902,0.05606672685026653,0.26393995098039214,0.05233186629161193,0.20098039215686278,0.04164791965802853,0.296875,damaged
258.4291666666672,476.9999999999975,281.4916666666672,320.2888888888868,653.9374999999943,476.9999999999975,571.9821428571377,320.2888888888868,11.637500000000019,15.239999999999963,12.516666666666685,14.208888888888833,19.303571428571278,15.239999999999963,17.901785714285566,14.208888888888833,0.12146356267065875,0.09009727129688012,0.07987905508248545,0.09205507435756898,0.07569423697562123,0.09009727129688012,0.07237584712581356,0.09205507435756898,0.0509459135859895,0.051159397480983505,0.05060399083954626,0.050771820705759176,0.05060617878908267,0.051159397480983505,0.04971218181098185,0.050771820705759176,0.8027165387842445,0.6420883432350278,0.78299437915997,0.7589570470180285,0.5081444947326506,0.6420883432350278,0.5553131537102605,0.7589570470180285,0.4236825980392157,0.10583230292179957,0.36291360294117647,0.10003469438030983,0.29350490196078427,0.08743638526211345,0.5546875,damaged
160.9333333333337,351.41333333333193,264.31666666666695,307.04888888888775,396.9374999999964,351.41333333333193,496.5312499999967,307.04888888888775,9.300000000000006,13.759999999999964,12.016666666666678,12.444444444444391,14.446428571428488,13.759999999999964,16.129464285714192,12.444444444444391,0.14240457707792875,0.09896645996738057,0.12860271122461187,0.11063125675308352,0.09723171575532845,0.09896645996738057,0.11054970069488886,0.11063125675308352,0.0536028347094526,0.05286834334831236,0.052456992966725784,0.05314782552489496,0.05158133932272882,0.05286834334831236,0.05403445730763445,0.05314782552489496,0.8503825995138853,0.6691355544954679,0.7507479865527441,0.7088638619335564,0.6220170894493611,0.6691355544954679,0.517927947619947,0.7088638619335564,0.3694240196078431,0.10900208299928671,0.3193474264705882,0.08877181351325605,0.26030943627450975,0.07214141179456213,0.46875,damaged
111.55833333333362,190.79111111111047,105.06666666666692,144.33333333333275,261.3705357142838,190.79111111111047,233.48214285714107,144.33333333333275,8.108333333333354,10.453333333333303,7.57500000000002,9.337777777777754,12.5669642857142,10.453333333333303,11.196428571428509,9.337777777777754,0.1136169758278336,0.10834473096726874,0.14836559066325328,0.10246582504226324,0.07036383144050608,0.10834473096726874,0.09231243110970659,0.10246582504226324,0.053764532919016346,0.05258737584977411,0.05464532103584999,0.05470459388929386,0.0529163821032571,0.05258737584977411,0.0524434826985296,0.05470459388929386,0.8231555544522627,0.6982967767907806,0.8470749197046287,0.7754208775268129,0.5614385287159342,0.6982967767907806,0.6598920684526455,0.7754208775268129,0.35747549019607844,0.08742401751204838,0.29004289215686274,0.07182234496848396,0.25413602941176466,0.05383138312319023,0.34765625,damaged
184.1708333333335,408.82666666666466,281.82083333333367,312.8266666666652,422.96874999999704,408.82666666666466,548.6205357142808,312.8266666666652,10.387500000000019,15.982222222222155,13.312500000000032,13.191111111111065,15.808035714285593,15.982222222222155,18.46874999999985,13.191111111111065,0.11419050260935429,0.056335070633457135,0.06936881949119288,0.08853036987011549,0.05682729124884492,0.056335070633457135,0.04915572128764516,0.08853036987011549,0.04965156369922072,0.05038126243890928,0.050603990839546295,0.052020888492086984,0.050606178789082724,0.05038126243890928,0.04991223164061978,0.052020888492086984,0.745040782277361,0.439855977232282,0.6145834504405147,0.5672542504413033,0.39057756605503263,0.439855977232282,0.2654576857087216,0.5672542504413033,0.26753982843137253,0.06885043806059263,0.25223651960784316,0.08185017162121785,0.21738664215686276,0.0632186058185794,0.54296875,damaged
198.03750000000025,341.8088888888875,295.3083333333335,363.75555555555457,460.84821428571064,341.8088888888875,524.9017857142818,363.75555555555457,10.470833333333355,14.546666666666617,12.900000000000015,13.924444444444394,16.178571428571313,14.546666666666617,17.785714285714153,13.924444444444394,0.10705737262017966,0.07300695580544536,0.09680922864458356,0.07885451530582742,0.060516595276841834,0.07300695580544536,0.054813150918877784,0.07885451530582742,0.05111601727660536,0.050771820705759134,0.049651563699220705,0.0512558337540922,0.05138778764830905,0.050771820705759134,0.051966280030458424,0.0512558337540922,0.719428463913662,0.5111058020349576,0.6017544777265228,0.4786376297778991,0.30931348744250126,0.5111058020349576,0.27861326190572205,0.4786376297778991,0.2821537990196078,0.0747803475833911,0.26619178921568626,0.08031561923833036,0.22271752450980392,0.0660156121145075,0.49609375,damaged
